year,date,team,opponent,win,srs,outcome,PTS,REB,AST,STL,BLK,TOV,TS%,3P%,,,N,O,G,MP,FG,FGA,FG%,2P,2PA,2P%,3P,3PA,3P%,FT,FTA,FT%,ORB,DRB,TRB,AST,STL,BLK,TOV,PF,PTS,,G,MP,FG,FGA,FG%,2P,2PA,2P%,3P,3PA,3P%,FT,FTA,FT%,ORB,DRB,TRB,AST,STL,BLK,TOV,PF,PTS,,
2023,2023-03-16,Alabama,Texas A&M-Corpus Christi,0.147,25.76,W,-1.6,5.6,-2.6,-0.9,1.9,1.2,-0.046,-0.041,2023,Alabama,2.63,Team,37,40.8,27.6,62.5,0.442,18,33,0.538,9.9,29.5,0.335,16.6,22.9,0.725,13.1,31.6,44.6,15,6.1,5.1,13.8,18.7,81.8,Opponent,37,40.8,23.9,64.5,0.371,18.5,45.2,0.408,5.5,19.3,0.283,15,21.1,0.711,12.2,25.2,37.4,9.8,7.2,3.8,11.7,19.9,68.3,0.564,0.463
2023,2023-03-18,Alabama,Maryland,0.217,8.61,W,8.5,8.7,4.4,3.1,3.2,-1.5,-0.020,-0.017,2023,Arizona,2.56,Team,35,40,29.2,59.2,0.494,20.8,36.9,0.564,8.4,22.3,0.378,15,21.2,0.708,10.2,29.1,39.3,18.9,6.1,3.1,13.4,16.9,81.9,Opponent,35,40,25.9,63.3,0.408,17.9,38.8,0.462,7.9,24.5,0.323,11.5,16.1,0.713,10.3,22.9,33.2,12.7,7.9,3.5,12.3,19.2,71.1,0.598,0.505
2023,2023-03-24,Alabama,San Diego State,0.040,7.38,L,7.7,8.6,4.6,2.3,3.5,-0.5,-0.012,-0.007,2023,Arizona State,2.83,Team,36,40.4,25.3,60.1,0.421,17.7,36.4,0.485,7.6,23.6,0.322,12.9,18.8,0.689,11,25.6,36.5,14.3,7.1,4.7,11.7,18.6,71.1,Opponent,36,40.4,23.2,58.2,0.399,15.5,35.5,0.436,7.8,22.7,0.341,13.8,19.5,0.707,11.8,26.6,38.4,12.7,6.1,3,14,18.1,68,0.520,0.509
2023,2023-03-16,Arizona,Princeton,0.099,14.32,L,4.5,4.5,5.2,1.3,1.2,-1.6,0.016,0.019,2023,Arkansas,2.33,Team,36,40.1,26.7,57.3,0.466,21.7,41.4,0.524,5,15.9,0.313,15.7,22.5,0.698,10.4,25,35.3,12.8,8.4,5.1,12.7,19.3,74.1,Opponent,36,40.1,23.5,55.4,0.424,18.3,38.6,0.474,5.3,16.9,0.311,15.6,21.9,0.714,9.7,23.4,33,10.6,6.7,2.9,14.4,18.9,67.9,0.551,0.522
2023,2023-03-17,Arizona State,Texas Christian,0.021,-4.32,L,-2.3,0.6,0.1,0.2,-0.1,0.8,-0.014,0.023,2023,Auburn,3.00,Team,34,40.1,25.7,58.6,0.439,19.2,37.9,0.507,6.5,20.6,0.315,14.8,21.3,0.696,11.6,24.6,36.2,14.1,7.7,5.1,12.2,19.3,72.8,Opponent,34,40.1,23.2,56.9,0.407,17.5,37.3,0.47,5.6,19.6,0.288,15.7,22.1,0.71,11.8,23.8,35.6,11.2,7,3.5,13,17.9,67.7,0.536,0.508
2023,2023-03-16,Arkansas,Illinois,-0.019,1.18,W,0.3,1.1,1.4,1.1,1.5,-0.6,0.010,-0.009,2023,Baylor,2.86,Team,34,40.1,25.9,57.6,0.45,16.4,31.7,0.516,9.5,25.8,0.368,15.8,21.2,0.744,11.5,22.5,34,14.2,6.6,2.4,12.1,17.4,77,Opponent,34,40.1,25.4,55.9,0.454,18.5,34.8,0.533,6.9,21.2,0.325,12.6,17.5,0.718,10,21.9,31.9,15.2,6.1,2.9,13.5,18.4,70.3,0.575,0.553
2023,2023-03-18,Arkansas,Kansas,-0.188,-3.21,W,-0.8,0.1,0.7,1.1,1.1,-0.3,0.000,-0.017,2023,Boise State,2.77,Team,34,40.4,25.8,57,0.453,18,35.4,0.509,7.8,21.6,0.362,12.6,17.3,0.733,9,26.7,35.7,11.3,5,2.9,11.1,16.3,72.1,Opponent,34,40.4,23.6,56.9,0.415,17,35.8,0.476,6.6,21.1,0.311,10.9,15.5,0.703,8.4,23.9,32.2,10.7,5.2,3.2,11.8,16.7,64.6,0.558,0.507
2023,2023-03-23,Arkansas,Connecticut,-0.152,-6.96,L,-0.3,4.5,3.7,2.8,3.1,-0.8,-0.003,-0.018,2023,California Santa Barbara,2.65,Team,35,40.1,26.4,53.6,0.493,20.9,37.7,0.553,5.5,15.9,0.35,13.4,18.4,0.727,8,23.8,31.8,14.1,6.3,2.5,11.3,16.1,71.7,Opponent,35,40.1,24.1,54.3,0.444,18.3,37.2,0.49,5.9,17.1,0.344,11.7,15.6,0.749,8.3,21.9,30.2,11.7,4.9,2.3,12.3,17.7,65.9,0.581,0.539
2023,2023-03-16,Auburn,Iowa,0.031,0.27,W,-7.2,-2.8,-3.7,-2.5,-2.7,-1.3,-0.038,-0.052,2023,Colgate,3.00,Team,35,40,29.8,58.2,0.511,21.6,38,0.569,8.2,20.3,0.403,10.4,15.7,0.661,8,25.7,33.7,18.2,7.1,2.9,10.2,12.5,78.1,Opponent,35,40,26.8,58.7,0.456,19.1,37.2,0.512,7.7,21.5,0.359,8.1,11.7,0.688,8.2,23.3,31.5,14.6,6,3.1,12.3,14.7,69.3,0.600,0.543
2023,2023-03-18,Auburn,Houston,-0.287,-7.85,L,4.1,7.4,7.1,6.3,6.4,-0.8,0.005,-0.008,2023,College of Charleston,2.53,Team,35,40.3,27.4,62.9,0.436,17.5,32.9,0.531,9.9,30,0.331,15.4,20.7,0.744,13.5,26.8,40.3,13.7,7.4,3.1,11.9,16.9,80.1,Opponent,35,40.3,25.7,59.6,0.431,19.8,40.4,0.491,5.9,19.2,0.306,10,14.8,0.677,9.1,24.9,34,11.7,5.6,3.7,13.8,18.3,67.2,0.556,0.508
2023,2023-03-17,Baylor,California Santa Barbara,-0.107,14.00,W,4.8,4.1,3.5,3.0,2.3,-1.0,0.004,0.000,2023,Connecticut,2.31,Team,39,40,27.7,59.8,0.464,18.7,34.9,0.536,9.1,24.9,0.363,14,18.4,0.761,13,26.3,39.3,17.5,6.3,4.9,12.9,17.7,78.6,Opponent,39,40,21.9,55,0.399,17,38.3,0.444,5,16.7,0.297,15.3,20.8,0.735,9.3,20.8,30.1,9.2,6.6,2.7,12.6,17,64.1,0.579,0.500
2023,2023-03-19,Baylor,Creighton,0.051,-0.53,L,1.3,1.3,2.1,1.3,0.8,-2.2,0.024,0.002,2023,Creighton,2.15,Team,37,40.3,27.4,58.5,0.469,18.8,34.1,0.551,8.6,24.4,0.354,13,16.6,0.783,8.3,28.7,37,15.7,5,4.1,11.6,13.1,76.4,Opponent,37,40.3,26.6,63,0.422,20.3,44.4,0.457,6.2,18.6,0.336,9,12.4,0.726,8.8,24.4,33.2,11.9,5.9,2.8,9.7,15.9,68.4,0.581,0.500
2023,2023-03-16,Boise State,Northwestern,0.071,-0.90,L,3.1,1.2,-0.2,1.2,0.7,0.3,0.014,0.007,2023,Drake,2.92,Team,35,40.9,27.2,58.1,0.469,19.3,36.6,0.526,7.9,21.5,0.37,12.4,16.2,0.767,7.9,27.8,35.7,13.7,5.3,2.6,10.5,14.9,74.8,Opponent,35,40.9,23.2,57.2,0.405,16.5,35.5,0.466,6.7,21.7,0.307,10.9,15.5,0.704,7.9,24.8,32.7,10.1,5.3,2.3,12,16.7,63.9,0.573,0.499
2023,2023-03-17,California Santa Barbara,Baylor,0.107,-14.00,L,-4.8,-2.2,-2.8,-2.1,-2.4,1.0,-0.004,0.000,2023,Duke,2.20,Team,36,40.1,26,57.6,0.452,19.2,37.3,0.515,6.8,20.3,0.335,13.2,17.2,0.766,12,26.7,38.7,14.6,5.7,4.5,12,15.3,72,Opponent,36,40.1,23.4,57.8,0.406,17.2,37.2,0.462,6.3,20.6,0.305,10.4,13.7,0.763,9.4,21.4,30.8,11.4,6.1,3.7,10.9,16.3,63.6,0.552,0.498
2023,2023-03-16,Colgate,Texas,0.000,-18.36,L,0.8,0.4,4.3,1.4,0.6,2.4,0.023,0.046,2023,Fairleigh Dickinson,2.64,Team,37,40.4,28.2,62.5,0.452,20.1,38.8,0.517,8.2,23.7,0.345,12.7,16.9,0.752,11.5,22.8,34.4,14.7,8,2,11.5,18.8,77.4,Opponent,37,40.4,26.3,55.7,0.472,18.5,33.5,0.552,7.8,22.2,0.35,13.9,18.6,0.743,9.3,24.7,34,14.9,5.8,3.9,15.3,15.9,74.2,0.553,0.581
2023,2023-03-16,College of Charleston,San Diego State,0.099,-7.41,L,6.3,5.9,3.4,2.5,1.9,-0.6,0.007,0.003,2023,Florida Atlantic,2.31,Team,39,40.3,27.8,59.6,0.466,18.2,33.4,0.545,9.6,26.3,0.366,12.6,17.5,0.719,10.9,28.1,38.9,14.4,6.5,2.6,11.8,15.7,77.8,Opponent,39,40.3,23.7,58.7,0.403,17.1,38.2,0.446,6.6,20.5,0.323,11.4,15.5,0.735,9.3,23.6,33,8.2,5.8,2.3,12.3,16.7,65.3,0.578,0.498
2023,2023-03-17,Connecticut,Iona,-0.037,15.34,W,0.5,1.5,1.9,-0.3,0.3,-0.3,0.011,0.000,2023,Furman,2.77,Team,36,40.4,28.2,59.1,0.477,18.8,31.7,0.592,9.4,27.4,0.344,15,20.2,0.741,9.8,25.3,35.1,16.7,6.6,3.2,11,16.8,80.9,Opponent,36,40.4,26,58.2,0.447,19.3,37.8,0.511,6.7,20.4,0.33,12.4,17.5,0.71,9.4,24.1,33.4,11.6,5.7,2.8,13.1,17.1,71.2,0.595,0.540
2023,2023-03-19,Connecticut,Saint Mary's (CA),-0.030,5.54,W,5.9,7.3,6.8,2.8,2.6,-1.2,0.005,-0.018,2023,Gonzaga,2.75,Team,37,40.1,32.1,61.7,0.521,24.6,41.8,0.588,7.5,19.9,0.379,14.4,20.8,0.693,10.4,26.8,37.2,16.3,7.2,3.4,10.7,16.6,86.1,Opponent,37,40.1,26.8,60.7,0.442,18.6,37,0.502,8.3,23.7,0.349,11.4,15.6,0.733,9,22.6,31.6,12.4,5.2,2.4,13.2,18.9,73.4,0.608,0.543
2023,2023-03-23,Connecticut,Arkansas,0.152,6.96,W,0.3,1.2,1.6,-2.1,-0.9,0.8,0.003,0.018,2023,Grand Canyon,2.69,Team,36,40.3,25.9,56.1,0.462,16.9,32.6,0.519,9,23.4,0.383,14.4,20.1,0.716,10.1,26.5,36.6,12.6,4.9,3.2,11.9,18,75.2,Opponent,36,40.3,24,58.7,0.409,17.9,39.4,0.453,6.1,19.3,0.317,13.2,18.8,0.703,11,22.7,33.6,10.4,5.6,2.7,10.8,17.8,67.3,0.579,0.502
2023,2023-03-25,Connecticut,Gonzaga,-0.091,3.96,W,-8.4,-0.8,-2.1,-4.1,-3.4,-0.8,-0.036,-0.034,2023,Houston,2.58,Team,37,40,27.3,59.5,0.458,19.6,37,0.531,7.7,22.6,0.34,12.6,17.2,0.733,12.8,26.1,38.9,14.7,7.9,4.9,10,16.7,74.9,Opponent,37,40,19.1,52.2,0.366,12.8,29.5,0.434,6.3,22.7,0.279,12.9,18.7,0.689,10,21.7,31.7,10.2,5.4,2.5,13.7,16.2,57.5,0.558,0.476
2023,2023-04-01,Connecticut,Miami (FL),-0.024,8.97,W,-4.2,-0.3,-2.5,-3.7,-3.2,-0.9,-0.025,-0.022,2023,Howard,2.38,Team,35,40.1,26.7,58.2,0.458,18.6,36.7,0.508,8.1,21.5,0.374,13.8,19.4,0.713,11.6,24.1,35.8,14.9,7.2,3.1,16.4,17.5,75.3,Opponent,35,40.1,25.8,57.9,0.445,18.5,36.7,0.505,7.2,21.2,0.341,13.9,20.2,0.687,10.9,22.4,33.4,12.2,8.8,3.1,15.4,17.6,72.6,0.564,0.544
2023,2023-04-03,Connecticut,San Diego State,-0.055,7.14,W,4.0,3.8,3.8,0.3,1.3,-0.5,0.014,0.014,2023,Illinois,2.00,Team,33,40.5,26.5,59,0.449,18.9,34.3,0.551,7.6,24.7,0.308,13.7,20.2,0.679,11.1,26.7,37.8,12.4,6.9,5.6,12.9,16.9,74.3,Opponent,33,40.5,24.4,58.6,0.416,18.4,40.8,0.451,6,17.8,0.334,12.5,17.7,0.705,9.8,24,33.8,10.7,6.9,2.8,13,18.3,67.2,0.547,0.506
2023,2023-03-17,Creighton,North Carolina State,-0.061,5.33,W,-1.8,-0.1,0.9,-1.2,-0.5,0.7,-0.004,0.014,2023,Indiana,2.71,Team,35,40.1,28.4,58.4,0.486,22.7,42.9,0.529,5.7,15.5,0.368,12.2,17.2,0.711,9.2,26.5,35.7,15.2,5.8,5.1,11.5,17.1,74.7,Opponent,35,40.1,24.3,59.5,0.409,16.8,37.1,0.454,7.5,22.5,0.334,12.5,17.7,0.704,10.8,23.4,34.3,11.7,6.5,3.2,11.2,16,68.7,0.566,0.510
2023,2023-03-19,Creighton,Baylor,-0.051,0.53,W,-1.3,1.6,-0.7,-1.5,-0.4,2.2,-0.024,-0.002,2023,Iona,2.67,Team,35,40.1,28,61,0.459,20.9,41.5,0.504,7.1,19.5,0.362,12.9,17.7,0.732,11.1,24.5,35.6,14.9,7.5,5.5,10.5,16.2,76,Opponent,35,40.1,23.6,57.4,0.411,17.7,37.5,0.471,5.9,19.9,0.297,12.5,17.7,0.705,10.9,24.1,34.9,12.2,5.3,2.8,14.4,16.1,65.6,0.552,0.503
2023,2023-03-24,Creighton,Princeton,-0.088,13.07,W,0.4,2.0,2.3,-0.6,0.4,0.6,0.004,0.013,2023,Iowa,2.50,Team,33,40.5,28.5,62.9,0.453,20.5,39.3,0.521,8,23.6,0.34,15,20.3,0.738,12.1,24.5,36.6,16.4,6.5,3.4,9.8,14.8,80.1,Opponent,33,40.5,28.5,60.1,0.474,21.4,40.7,0.525,7.1,19.4,0.366,10.7,14.3,0.746,9.2,25.5,34.7,14.5,5.7,3.5,12.8,18.1,74.7,0.558,0.563
2023,2023-03-26,Creighton,San Diego State,-0.176,2.02,L,5.1,4.9,5.0,1.9,3.0,1.6,0.015,0.029,2023,Iowa State,3.08,Team,33,40.3,25.3,57,0.443,18.9,37.7,0.5,6.4,19.3,0.331,10.7,15.9,0.67,11.5,22.2,33.7,13.8,8.8,2.9,12.9,19.2,67.6,Opponent,33,40.3,20.3,48.4,0.42,12.7,25.8,0.492,7.6,22.6,0.337,14.3,19.8,0.725,8,22.5,30.5,11.8,6.8,2.9,16.5,17,62.6,0.528,0.548
2023,2023-03-17,Drake,Miami (FL),0.013,-6.14,L,-6.2,-2.2,-4.5,-4.3,-4.4,0.6,-0.028,-0.013,2023,Kansas,2.27,Team,36,40.3,27.8,59.5,0.468,20.9,39.4,0.53,7,20.1,0.347,12.8,17.8,0.72,9.8,26.1,35.9,16.4,8.8,3.9,12.3,16.6,75.4,Opponent,36,40.3,24.3,58.4,0.415,17.9,37.8,0.472,6.4,20.6,0.31,13.2,18.2,0.725,10.5,24.3,34.9,11.3,6.1,2.8,14.3,16,68.1,0.560,0.513
2023,2023-03-16,Duke,Oral Roberts,-0.118,7.28,W,-9.0,-2.3,-2.0,-3.1,-2.4,-0.4,-0.025,-0.036,2023,Kansas State,3.27,Team,36,40.7,26.7,57.9,0.461,19.5,37,0.528,7.2,20.9,0.343,15.6,20.9,0.748,9.9,24.8,34.6,17,8,2.8,13.8,17.9,76.2,Opponent,36,40.7,24.4,57.5,0.424,17.9,36.3,0.492,6.5,21.2,0.308,14.6,20.9,0.698,10.8,23.1,33.9,13.7,7.2,3.9,15,18.3,69.9,0.568,0.524
2023,2023-03-18,Duke,Tennessee,0.068,-5.01,L,3.5,6.3,5.2,2.4,3.7,1.9,0.018,0.023,2023,Kennesaw State,2.88,Team,35,40.4,26.6,57.7,0.461,18.4,35.4,0.521,8.2,22.4,0.365,13.7,20.7,0.661,9.6,25.6,35.3,14.3,7.9,2.7,12.4,18,75,Opponent,35,40.4,24.1,55.9,0.43,16.9,34.3,0.493,7.2,21.7,0.331,13.7,19.9,0.688,9,24.9,33.9,11.4,6.6,3,14.3,19.3,69,0.561,0.534
2023,2023-03-17,Fairleigh Dickinson,Purdue,-0.282,-27.21,W,8.1,9.0,7.0,6.7,5.3,-2.9,0.035,0.030,2023,Kent State,2.91,Team,35,40.1,27.3,60.8,0.45,19.5,37.4,0.521,7.9,23.4,0.336,13.6,18.7,0.726,11,24.7,35.7,12.3,8.8,3.9,11.4,18.8,76.1,Opponent,35,40.1,22.2,54.9,0.405,15.3,32.6,0.468,6.9,22.2,0.311,14.5,20.2,0.721,10.4,24.5,34.9,11.3,5.4,2.9,15.7,18.4,65.9,0.551,0.517
2023,2023-03-19,Fairleigh Dickinson,Florida Atlantic,-0.340,-22.90,L,4.3,5.2,7.7,5.6,4.3,-1.4,0.029,0.003,2023,Kentucky,2.64,Team,34,40.3,27.3,60.1,0.454,21.1,42.1,0.5,6.3,18,0.347,13.6,19.2,0.706,13.9,25.5,39.4,15.1,6.4,3.7,11.8,16,74.5,Opponent,34,40.3,24.3,56.7,0.429,17.8,36.6,0.486,6.5,20.1,0.324,12.6,17,0.744,8.5,21.5,30.1,11.7,6,2.2,11.1,17.1,67.8,0.543,0.528
2023,2023-03-17,Florida Atlantic,Memphis,0.147,-0.58,W,-4.1,-1.5,-2.8,-3.6,-4.0,2.2,-0.007,0.014,2023,Louisiana Lafayette,2.92,Team,34,40.2,27.9,58,0.482,20.9,39.3,0.532,7,18.7,0.376,14.4,21.2,0.682,11.1,25.4,36.5,14.4,7.2,3,12.2,17,77.4,Opponent,34,40.2,25.3,57.2,0.442,19.4,39.8,0.488,5.9,17.4,0.336,13.1,18.6,0.703,8.9,21.6,30.4,10.6,6.6,3.1,12.6,18.3,69.5,0.575,0.531
2023,2023-03-19,Florida Atlantic,Fairleigh Dickinson,0.340,22.90,W,-4.3,-2.0,-4.7,-4.1,-5.1,1.4,-0.029,-0.003,2023,Marquette,2.00,Team,36,40.6,29.3,60.4,0.486,20.4,35.1,0.582,8.9,25.3,0.353,11.7,16.3,0.718,8.8,23,31.8,17.3,9.2,3,10.7,16.2,79.3,Opponent,36,40.6,25.5,57.4,0.445,18.1,35.9,0.503,7.5,21.6,0.347,11.8,16.7,0.703,10.7,24.8,35.4,14.8,5.7,3.3,15.8,15.3,70.3,0.587,0.543
2023,2023-03-23,Florida Atlantic,Tennessee,0.215,-6.92,W,7.2,7.2,6.0,3.7,3.6,1.3,0.031,0.048,2023,Maryland,2.80,Team,35,40.1,24.6,55,0.448,18,34.7,0.518,6.7,20.3,0.328,13.8,18.9,0.732,9.8,23.8,33.6,11.4,5.5,3.7,10.7,16,69.7,Opponent,35,40.1,23.3,54.6,0.426,17.6,37.2,0.474,5.6,17.4,0.323,11.3,15.5,0.731,9.3,22.8,32.1,11,4.8,3.4,11.9,18.3,63.5,0.550,0.517
2023,2023-03-25,Florida Atlantic,Kansas State,0.193,-1.87,W,-1.5,0.2,-2.0,-2.7,-3.0,2.4,-0.008,0.019,2023,Memphis,3.46,Team,35,40.4,28.7,59.9,0.479,22.5,42.5,0.531,6.1,17.4,0.353,15.9,21.2,0.747,10.4,25.5,35.9,15.6,8.6,4.5,13.3,18.2,79.4,Opponent,35,40.4,24.2,60.4,0.401,16.3,34.5,0.471,8,25.9,0.308,15.3,20.8,0.739,12.3,22.9,35.3,13.4,7.2,4,15.2,18.5,71.8,0.573,0.516
2023,2023-04-01,Florida Atlantic,San Diego State,0.099,-1.89,L,4.2,4.2,2.8,1.1,0.7,0.2,0.013,0.029,2023,Miami (FL),2.50,Team,37,40.1,28.6,59.6,0.48,21.1,39.2,0.538,7.5,20.4,0.368,14.4,18.3,0.784,10.4,24.4,34.7,14.5,7.3,3.1,11.1,14.2,79.1,Opponent,37,40.1,26.8,59.8,0.448,19.1,36.8,0.518,7.7,23,0.335,10.6,14.4,0.741,9.8,22.3,32.1,14.6,5.9,3.4,12.5,15.3,71.9,0.585,0.544
2023,2023-03-16,Furman,Virginia,0.013,-8.39,W,11.9,6.9,8.0,6.3,5.1,-1.7,0.032,-0.009,2023,Michigan State,2.64,Team,34,40.6,25.9,57.2,0.452,18.4,38.3,0.482,7.4,18.9,0.393,11.8,15.5,0.759,9,26.6,35.7,14.6,4.7,3,10.9,16.4,70.9,Opponent,34,40.6,24.5,57.9,0.424,17.3,35.6,0.486,7.2,22.3,0.324,11.6,16.2,0.72,9,23.7,32.6,13.1,5.7,3.4,9.8,16.4,67.9,0.554,0.522
2023,2023-03-18,Furman,San Diego State,-0.018,-10.92,L,8.7,5.3,6.9,4.1,4.0,0.2,0.042,0.021,2023,Missouri,3.20,Team,35,40.3,28.2,59.8,0.472,18.9,33.9,0.558,9.3,25.8,0.36,13.2,17.4,0.758,8.9,21.4,30.2,15.9,10.2,2.7,11.1,18,78.9,Opponent,35,40.3,25.5,57.1,0.446,16.6,31.8,0.522,8.8,25.3,0.35,14.7,19.5,0.751,12.7,24.8,37.4,14.6,6.2,2.3,16.9,16.3,74.4,0.585,0.566
2023,2023-03-17,Gonzaga,Grand Canyon,0.163,14.56,W,8.5,4.9,6.0,3.9,3.4,-0.6,0.035,0.014,2023,Montana State,2.43,Team,35,40.3,25.1,53.6,0.469,18.9,35.3,0.537,6.2,18.3,0.336,17.5,23.3,0.754,8.3,24.7,33,12.5,6.5,3,11.9,18.3,73.9,Opponent,35,40.3,23.3,53.9,0.432,16.9,35.2,0.482,6.3,18.7,0.339,14,18.7,0.749,7.8,22.9,30.7,9.2,5.6,2,13.7,20.5,66.9,0.579,0.538
2023,2023-03-19,Gonzaga,Texas Christian,0.212,3.38,W,7.9,3.7,3.8,3.0,2.0,1.7,0.047,0.055,2023,North Carolina Asheville,2.93,Team,35,40.6,25.6,54,0.475,17.8,33.8,0.527,7.8,20.2,0.388,15.3,22.1,0.694,8.4,26.4,34.8,12.7,6.3,4,14.2,15.5,74.4,Opponent,35,40.6,25.7,60.7,0.424,19.5,39.8,0.491,6.2,20.9,0.297,11.4,15.9,0.719,10.5,23.6,34.2,11.9,7.1,3.6,12.7,20,69.1,0.584,0.510
2023,2023-03-23,Gonzaga,UCLA,-0.004,-3.12,W,12.4,8.8,8.9,7.7,6.7,0.9,0.051,0.034,2023,North Carolina State,2.80,Team,34,40.1,28.9,64.1,0.45,20.6,40.3,0.511,8.3,23.8,0.347,11.7,16.2,0.722,11.3,25.3,36.6,12.8,7.8,4.5,9.4,17.4,77.7,Opponent,34,40.1,25.3,56.8,0.445,19.2,37.7,0.51,6,19.1,0.316,14.3,19.3,0.738,8.9,25.9,34.9,11.6,5.1,2.8,13.2,15.7,70.8,0.545,0.542
2023,2023-03-25,Gonzaga,Connecticut,0.091,-3.96,L,8.4,8.2,8.2,5.0,5.0,0.8,0.036,0.034,2023,Northern Kentucky,2.33,Team,35,40.7,24.3,57.1,0.426,16.2,33.4,0.485,8.1,23.6,0.342,11.1,15.9,0.696,11.3,21.2,32.5,13.4,9.4,2.5,11.3,15.3,67.8,Opponent,35,40.7,22.7,51.7,0.439,15.4,31.5,0.487,7.3,20.1,0.362,10.9,15.5,0.705,10,23.7,33.7,13.8,5.7,2.4,15.7,15.8,63.5,0.529,0.543
2023,2023-03-17,Grand Canyon,Gonzaga,-0.163,-14.56,L,-8.5,-0.5,-3.0,-3.2,-2.7,0.6,-0.035,-0.014,2023,Northwestern,2.75,Team,34,40.3,23.6,57.9,0.407,15.9,34.1,0.467,7.6,23.7,0.321,13,17.2,0.757,10.3,24.2,34.5,12.8,7.9,3.9,9.6,16.1,67.7,Opponent,34,40.3,21.9,53,0.414,14.4,30.8,0.468,7.5,22.2,0.338,11.4,16.8,0.682,9.3,25.8,35.1,13.4,4.5,3.3,13.9,16.5,62.8,0.517,0.520
2023,2023-03-16,Houston,Northern Kentucky,0.265,23.03,W,0.5,-0.4,-2.6,-1.9,-1.8,1.7,-0.019,-0.043,2023,Oral Roberts,3.15,Team,35,40,30.2,63.7,0.474,19.5,34.4,0.567,10.7,29.3,0.365,12.1,15.7,0.774,8.9,27.9,36.8,14.7,6.8,5.4,9.4,12.9,83.3,Opponent,35,40,26.2,63.1,0.416,17.6,38.3,0.461,8.6,24.8,0.347,9.2,12.8,0.717,10.5,26.3,36.8,11.9,5.2,2.7,12.7,15,70.2,0.590,0.511
2023,2023-03-18,Houston,Auburn,0.287,7.85,W,-4.1,-3.5,-3.4,-4.7,-4.4,0.8,-0.005,0.008,2023,Penn State,2.88,Team,37,40.7,26.4,57.1,0.463,16,30.2,0.531,10.4,26.9,0.387,9,12.1,0.739,6.1,26.4,32.6,13.7,4.4,2.1,9,15.5,72.2,Opponent,37,40.7,25.2,58.7,0.43,18,36.6,0.492,7.2,22.1,0.327,10.6,15,0.706,9.1,25.9,34.9,13.9,4.7,2.8,8.6,13.5,68.2,0.578,0.522
2023,2023-03-24,Houston,Miami (FL),0.131,8.22,L,-9.3,-3.8,-7.2,-6.2,-6.5,0.0,-0.047,-0.042,2023,Pittsburgh,2.92,Team,36,40,25.8,57.8,0.447,16.8,32.7,0.514,9,25.1,0.36,14.4,19,0.759,10.1,26,36.1,14.1,5.1,4.1,11.1,16.3,75.1,Opponent,36,40,24.8,58.9,0.42,17.2,35.7,0.481,7.6,23.2,0.327,12.6,17.9,0.702,10.4,24.2,34.6,13.3,5.1,3.3,11.3,18,69.7,0.568,0.522
2023,2023-03-16,Howard,Kansas,-0.147,-24.24,L,2.2,2.7,4.1,2.8,2.4,-2.6,0.018,0.029,2023,Princeton,2.53,Team,32,40.5,27.1,59.6,0.455,18.6,34.7,0.536,8.5,24.9,0.342,12.8,18,0.712,10.2,28.8,39,13.4,4.9,3.3,12,16,75.5,Opponent,32,40.5,25.3,59.5,0.425,18.9,39.7,0.477,6.4,19.8,0.322,11.5,16.7,0.689,8.2,24.8,33,11.1,6.1,3.3,10.5,17.9,68.5,0.559,0.512
2023,2023-03-16,Illinois,Arkansas,0.019,-1.18,L,-0.3,2.1,0.6,-0.3,1.0,0.6,-0.010,0.009,2023,Providence,2.50,Team,33,40.8,27.3,59.8,0.456,20.7,40.8,0.508,6.6,19.1,0.346,16.1,21.7,0.742,12.1,26,38.1,14.6,6.8,4.5,11.7,15,77.3,Opponent,33,40.8,26.4,60,0.44,19.6,39.8,0.492,6.8,20.2,0.338,11.3,15.2,0.745,9.7,22.7,32.4,12.7,6,3.9,11.7,18.1,71,0.557,0.532
2023,2023-03-17,Indiana,Kent State,-0.157,7.41,W,0.7,1.8,3.4,1.6,2.5,2.2,0.004,0.028,2023,Purdue,2.23,Team,35,40.1,25.3,55.3,0.457,18.4,34.1,0.541,6.8,21.2,0.322,15.3,20.6,0.744,12.3,26.4,38.7,15.5,4.7,3.7,11.1,13.7,72.7,Opponent,35,40.1,24.1,57.8,0.416,17.6,37.3,0.472,6.4,20.5,0.314,8.2,11.1,0.738,8.1,19.7,27.9,12.3,6.1,2.9,9.9,18.9,62.7,0.565,0.500
2023,2023-03-19,Indiana,Miami (FL),-0.115,0.96,L,-3.8,0.2,-1.3,-1.7,-0.8,0.5,-0.026,-0.001,2023,Saint Mary's (CA),2.30,Team,35,40.4,25.4,55.8,0.455,17.9,35.2,0.507,7.5,20.6,0.365,12.4,17.9,0.694,10.6,24.7,35.3,12.5,6.8,3.5,10.7,16.5,70.7,Opponent,35,40.4,21.5,51.6,0.417,16.1,35.1,0.457,5.5,16.5,0.331,11.7,15.7,0.743,6.9,21.7,28.6,8,4.7,3.7,12.5,17,60.1,0.555,0.514
2023,2023-03-17,Iona,Connecticut,0.037,-15.34,L,-0.5,3.5,3.6,1.2,2.2,0.3,-0.011,0.000,2023,San Diego State,3.13,Team,39,40.3,25.3,57.7,0.438,18.3,37.8,0.485,6.9,19.9,0.348,13.6,18.9,0.722,10.9,25.4,36.3,12.9,6.7,3.9,11.6,16.3,71.2,Opponent,39,40.3,22.5,55,0.409,16.3,33.1,0.493,6.2,22,0.284,12.2,16.2,0.752,8.8,23.3,32.2,10.6,6.2,3,12.9,17.9,63.5,0.539,0.511
2023,2023-03-16,Iowa,Auburn,-0.031,-0.27,L,7.2,4.0,6.1,3.3,3.5,1.3,0.038,0.052,2023,Southern California,2.23,Team,33,40.2,25.9,56.9,0.455,19.4,38.1,0.51,6.5,18.8,0.345,14.1,18.9,0.745,9.4,25.9,35.3,13.5,6.9,5.1,12.4,17.2,72.5,Opponent,33,40.2,23.5,59.9,0.393,16.1,37.7,0.427,7.4,22.2,0.334,12.9,18.1,0.714,12.6,23.2,35.8,13.1,6.8,3,12.3,17.5,67.4,0.556,0.497
2023,2023-03-17,Iowa State,Pittsburgh,-0.083,4.77,L,-7.3,-4.0,-3.3,-1.7,-3.8,-3.5,-0.007,-0.010,2023,Tennessee,2.73,Team,36,40.1,25.2,58.3,0.433,17.6,34.9,0.503,7.7,23.3,0.329,12.6,17.9,0.708,12.9,25.5,38.4,16.7,8.3,3.6,12,16.6,70.8,Opponent,36,40.1,19.6,52.6,0.373,13.8,30.6,0.451,5.8,22,0.265,12.8,17.8,0.719,9.4,22.5,31.9,9.9,6.6,2.9,14.7,17.8,57.9,0.535,0.479
2023,2023-03-16,Kansas,Howard,0.147,24.24,W,-2.2,-1.0,-0.1,-2.3,-1.8,2.6,-0.018,-0.029,2023,Texas,2.58,Team,38,40.4,28.5,60.2,0.473,21.3,39.4,0.54,7.2,20.8,0.347,13.8,18.4,0.748,9.6,24.5,34.1,16.2,7.9,3.6,11.6,17.4,78,Opponent,38,40.4,23.8,56.1,0.425,17.5,36.6,0.479,6.3,19.5,0.324,13.8,18.9,0.732,10,24.4,34.4,11.1,5.8,3.2,15.7,17.4,67.8,0.571,0.526
2023,2023-03-18,Kansas,Arkansas,0.188,3.21,L,0.8,1.6,3.0,1.1,0.6,0.3,0.000,0.017,2023,Texas A&M,2.79,Team,35,40,23.9,55.2,0.432,17.7,36.2,0.488,6.2,19,0.326,18.9,24.9,0.759,12.4,24.4,36.8,12.5,6.7,2.3,12.3,18.2,72.8,Opponent,35,40,22.4,55,0.407,14.1,29.8,0.472,8.3,25.1,0.33,13.5,19.1,0.706,10.7,21.4,32.1,13.2,7.2,4,14,20,66.5,0.550,0.524
2023,2023-03-17,Kansas State,Montana State,-0.017,13.61,W,2.7,3.5,5.4,2.7,1.9,-1.6,-0.013,-0.012,2023,Texas A&M-Corpus Christi,2.87,Team,35,40.3,27.7,61.5,0.451,20.1,40.5,0.496,7.7,21,0.364,16.9,21.4,0.792,12.1,25.2,37.3,15.3,8.5,1.7,12.8,19,80.1,Opponent,35,40.3,25.5,57,0.448,17.3,32.4,0.533,8.2,24.6,0.335,13.9,20.5,0.68,9.7,23.9,33.6,14.7,6.5,3.4,15.1,19.1,73.2,0.565,0.554
2023,2023-03-19,Kansas State,Kentucky,0.063,1.03,W,1.9,3.3,3.7,2.1,1.4,-3.0,0.010,-0.010,2023,Texas Christian,2.53,Team,35,40.1,27.6,60.8,0.453,21.9,42.6,0.515,5.6,18.2,0.31,14.5,20.7,0.699,11.5,24.3,35.8,16.1,8,4.7,11.9,16.5,75.3,Opponent,35,40.1,24.9,58.2,0.427,18.6,37.8,0.492,6.3,20.4,0.308,12.4,17.5,0.706,10.7,24.2,34.9,13.7,6.3,4.4,15.4,16.7,68.4,0.539,0.519
2023,2023-03-23,Kansas State,Michigan State,0.106,1.54,W,3.7,2.0,3.0,2.2,0.7,-4.1,0.008,-0.033,2023,UCLA,2.29,Team,37,40,27.9,60.7,0.46,21.8,43.1,0.506,6.1,17.6,0.349,12.2,16.6,0.731,11.3,24,35.3,14.5,8.4,3.8,10,15.5,74.1,Opponent,37,40,21.9,53.8,0.408,15.5,33,0.469,6.5,20.9,0.311,10.3,14.8,0.697,9.5,22.9,32.4,11.2,4.6,2.7,15.7,16.4,60.7,0.545,0.503
2023,2023-03-25,Kansas State,Florida Atlantic,-0.193,1.87,L,1.5,3.1,6.7,3.4,2.6,-2.4,0.008,-0.019,2023,Utah State,3.15,Team,35,40.1,27.1,56.4,0.479,17.8,32.4,0.548,9.3,24,0.387,14.8,19.4,0.763,8.6,26.9,35.5,16.7,5,3.3,12.2,16.8,78.2,Opponent,35,40.1,24.9,58.7,0.423,18,38.9,0.462,6.9,19.8,0.347,13.3,17.8,0.745,8.7,22.9,31.5,11.8,5.6,2.5,11.1,18.8,69.9,0.602,0.525
2023,2023-03-17,Kennesaw State,Xavier,0.029,-15.43,L,-5.5,-1.1,-2.7,-2.1,-3.2,-1.3,-0.012,-0.026,2023,Vermont,2.69,Team,34,40.5,26.5,55.9,0.474,17.9,31.9,0.561,8.6,24,0.358,11.1,15.9,0.697,6.5,24.9,31.3,13.7,5.9,2.9,9.4,14.8,72.7,Opponent,34,40.5,24.6,54.9,0.447,17.3,34.7,0.5,7.2,20.2,0.358,10.6,14.6,0.724,7.1,25.4,32.4,11.2,5,2.6,11.4,15.5,66.9,0.578,0.545
2023,2023-03-17,Kent State,Indiana,0.157,-7.41,L,-0.7,-0.7,-1.1,-0.3,-1.1,-2.2,-0.004,-0.028,2023,Virginia,3.08,Team,33,40.2,24,53.5,0.449,17.4,34.4,0.504,6.7,19.1,0.35,13.1,18.6,0.703,8.3,24,32.2,15.7,6.8,4.3,8.5,14.3,67.8,Opponent,33,40.2,21.6,52,0.415,14.5,31.2,0.464,7.1,20.8,0.341,10.2,13.7,0.748,7.9,24,32,11.4,4.8,3.7,12.2,16.2,60.5,0.550,0.521
2023,2023-03-17,Kentucky,Providence,0.000,1.87,W,-3.0,1.9,-0.4,-1.4,-1.7,0.3,-0.009,-0.006,2023,Virginia Commonwealth,2.46,Team,35,40,24.7,53.3,0.463,18.6,35.9,0.519,6.1,17.4,0.348,15.4,22.2,0.696,9.3,23.9,33.2,13,8.9,4.6,13.4,16.4,70.9,Opponent,35,40,22.5,54.4,0.415,16.6,35.8,0.464,5.9,18.5,0.319,11.9,16.9,0.704,10.2,22.8,33.1,11.6,6.5,3.5,16.3,19.7,62.9,0.562,0.509
2023,2023-03-19,Kentucky,Kansas State,-0.063,-1.03,L,-1.9,1.7,-0.4,-1.5,-1.2,3.0,-0.010,0.010,2023,West Virginia,2.71,Team,34,40.1,25.9,57.4,0.452,18.6,36.6,0.509,7.3,20.8,0.35,16.8,22.6,0.743,11.3,22.6,33.9,13,6.7,3.1,12.9,18.6,76,Opponent,34,40.1,24.5,54.6,0.449,18,35.4,0.508,6.5,19.2,0.34,15.3,21.1,0.726,9.4,21.9,31.2,12.4,6.7,2.4,14.6,21.4,70.9,0.564,0.555
2023,2023-03-16,Louisiana Lafayette,Tennessee,0.091,-16.57,L,9.1,8.1,8.1,6.1,5.9,1.0,0.046,0.059,2023,Xavier,2.69,Team,37,40.1,30,61,0.492,22.6,42,0.538,7.4,19,0.39,13.6,19.1,0.71,10.3,27.5,37.7,19.1,6.4,3.2,12.4,16,80.9,Opponent,37,40.1,27.4,61.8,0.443,19.9,41.1,0.486,7.4,20.7,0.358,12,16.7,0.717,9.2,23.1,32.3,14.6,7,3.9,11.7,17.7,74.1,0.583,0.536
2023,2023-03-17,Marquette,Vermont,0.127,15.44,W,5.0,1.4,4.7,3.8,1.9,-2.9,0.003,-0.008,2022,Akron,2.17,Team,34,40.1,24.3,52.9,0.46,16.5,30.9,0.535,7.8,22,0.354,14.2,20.6,0.689,9.8,25.1,34.9,11.6,5.9,3.2,11.4,15.8,70.6,Opponent,34,40.1,23,54.6,0.422,16.4,35.3,0.465,6.6,19.4,0.342,10,14.1,0.706,8.7,22.3,31,9.4,5.5,2.3,11.8,18.9,62.6,0.570,0.515
2023,2023-03-19,Marquette,Michigan State,0.211,2.82,L,5.4,0.8,3.3,3.0,1.0,-2.9,0.027,-0.009,2022,Alabama,2.53,Team,33,40.2,27.6,62.8,0.44,18.4,32.9,0.559,9.2,29.9,0.309,15,20.6,0.728,13.4,26.2,39.6,14.7,7.1,4.7,14.5,18.5,79.5,Opponent,33,40.2,26.9,61.5,0.437,19.5,39.5,0.493,7.4,22,0.338,15.3,21.4,0.715,11.5,24.6,36.1,12.5,7.8,3.7,13.2,18.2,76.5,0.553,0.539
2023,2023-03-16,Maryland,West Virginia,0.061,-1.37,W,-6.9,-2.5,-4.2,-4.3,-3.1,2.5,-0.026,-0.020,2022,Alabama Birmingham,2.75,Team,35,40.4,29.6,63.2,0.468,21.7,42.2,0.514,7.9,21,0.376,13.3,18,0.739,12.1,26.1,38.3,12.9,9.5,4.2,11.5,16.5,80.3,Opponent,35,40.4,23.8,57.1,0.417,16.9,35.8,0.471,6.9,21.3,0.325,12.2,17.3,0.706,9.9,23.8,33.7,11.1,5.5,3.6,15.8,15.6,66.7,0.565,0.515
2023,2023-03-18,Maryland,Alabama,-0.217,-8.61,L,-8.5,-4.3,-1.6,-3.3,-2.5,1.5,0.020,0.017,2022,Arizona,2.21,Team,37,40.3,30.2,61.3,0.492,22.4,39.3,0.571,7.8,22,0.352,15.8,21.4,0.739,11.6,29.8,41.4,19.6,6.7,5.7,13.4,16.7,84,Opponent,37,40.3,25.1,64.9,0.387,17.7,42.4,0.418,7.4,22.5,0.328,10.5,15.6,0.674,11.9,21.9,33.8,11.8,6.9,2.9,12.8,18.8,68.1,0.594,0.474
2023,2023-03-17,Memphis,Florida Atlantic,-0.147,0.58,L,4.1,4.7,7.0,4.7,4.4,-2.2,0.007,-0.014,2022,Arkansas,2.92,Team,37,40.3,26.3,60.6,0.434,20,39.8,0.501,6.3,20.7,0.304,17.1,22.5,0.76,10.8,27,37.8,13.8,7.6,4.1,12.2,16.9,75.9,Opponent,37,40.3,23.8,57.7,0.412,16.5,35.3,0.468,7.3,22.4,0.324,13.5,18.4,0.731,9.1,25.8,34.9,12.5,6.6,3.5,14.8,19.5,68.3,0.538,0.519
2023,2023-03-17,Miami (FL),Drake,-0.013,6.14,W,6.2,5.0,6.2,5.0,4.4,-0.6,0.028,0.013,2022,Auburn,2.65,Team,34,40.6,27.7,63.7,0.435,19.7,38.4,0.513,8.1,25.4,0.318,14.7,20.1,0.731,12.8,27.6,40.4,14.7,8.4,8,12.1,18.5,78.2,Opponent,34,40.6,22.9,59.2,0.386,16.2,37.9,0.428,6.6,21.3,0.31,14.9,20.3,0.733,11.2,25.3,36.5,11.2,7.5,3.9,14.5,17.5,67.2,0.539,0.493
2023,2023-03-19,Miami (FL),Indiana,0.115,-0.96,W,3.8,1.8,3.0,2.0,1.6,-0.5,0.026,0.001,2022,Baylor,2.43,Team,34,40.3,28.3,61.3,0.462,20.2,37.8,0.536,8.1,23.5,0.343,12.4,17.8,0.697,12.9,24.3,37.2,15.9,8.8,3.4,12.4,16.1,77,Opponent,34,40.3,23.6,55.6,0.423,17.5,35.5,0.492,6.1,20.1,0.302,10.9,15.4,0.703,9.9,22.5,32.4,13.2,6.4,2.8,15.9,16.7,64.1,0.557,0.514
2023,2023-03-24,Miami (FL),Houston,-0.131,-8.22,W,9.3,8.7,9.4,8.2,7.5,0.0,0.047,0.042,2022,Boise State,3.17,Team,35,40.4,24.3,54.6,0.445,16.9,33.4,0.507,7.3,21.2,0.346,12.4,19.1,0.65,10.2,24.6,34.8,11.4,6,3.4,12.1,15,68.3,Opponent,35,40.4,22.7,53,0.427,17,35.6,0.477,5.7,17.4,0.327,9.9,13.7,0.72,7,23.2,30.1,9.9,5.2,2.9,13.2,19.2,60.9,0.542,0.516
2023,2023-03-26,Miami (FL),Texas,0.017,-6.58,W,2.6,2.2,3.8,2.8,2.0,1.9,0.015,0.016,2022,Cal State Fullerton,3.08,Team,32,40,24.8,55.7,0.445,19.3,38.9,0.494,5.5,16.7,0.329,15,19.5,0.766,9.8,23.7,33.4,11.3,7.3,2,12.1,15.8,70,Opponent,32,40,24.4,55.4,0.44,16.6,34.6,0.479,7.8,20.8,0.376,10,14.2,0.701,9,23.1,32,13.3,6.2,3.3,13.9,19.2,66.5,0.544,0.539
2023,2023-04-01,Miami (FL),Connecticut,0.024,-8.97,L,4.2,6.2,6.6,4.3,4.1,0.9,0.025,0.022,2022,Chattanooga,2.92,Team,35,40.3,27.3,58.8,0.464,19.4,36,0.54,7.9,22.9,0.345,11.7,15.6,0.746,10.8,25.3,36.1,12.8,7.2,2.1,11,15.6,74.2,Opponent,35,40.3,23.7,56.1,0.422,17,33.5,0.507,6.7,22.7,0.297,10.2,14.8,0.688,9,22.2,31.2,10.7,5.6,3.5,12.3,14.7,64.4,0.565,0.514
2023,2023-03-17,Michigan State,Southern California,-0.075,1.19,W,-0.5,0.2,1.0,-0.8,0.3,2.0,0.012,0.019,2022,Colgate,3.27,Team,35,40.1,27.5,58.1,0.474,17.6,33.6,0.525,9.9,24.5,0.404,10.6,15.2,0.697,8.8,27.3,36.2,17.1,6.1,3.6,11.3,14.5,75.6,Opponent,35,40.1,25.2,59.3,0.425,18.3,38.5,0.474,7,20.8,0.335,9.7,14.3,0.677,9.1,24.4,33.5,13.5,6.4,2.9,10.9,14.9,67.1,0.583,0.511
2023,2023-03-19,Michigan State,Marquette,-0.211,-2.82,W,-5.4,-1.0,-1.3,-1.7,-1.3,2.9,-0.027,0.009,2022,Colorado State,2.71,Team,31,40.3,26.5,55.2,0.48,18.7,33.4,0.56,7.8,21.8,0.357,12.6,16.4,0.773,6.7,25,31.7,14.3,6.4,3.1,10.1,15,73.4,Opponent,31,40.3,24,55.7,0.43,16,31.4,0.509,8,24.3,0.328,10.1,14.2,0.712,8.3,23.7,32,12,5.5,2.9,12.4,17.2,66,0.588,0.533
2023,2023-03-23,Michigan State,Kansas State,-0.106,-1.54,L,-3.7,-0.1,-0.6,-2.3,-1.5,4.1,-0.008,0.033,2022,Connecticut,2.64,Team,33,40.8,26.7,61.2,0.435,19.2,40.1,0.48,7.4,21.1,0.352,14.1,18.7,0.753,13.8,26.6,40.4,14,5.9,6.4,11.8,16.8,74.8,Opponent,33,40.8,23.1,57.4,0.403,16.5,38.7,0.426,6.6,18.7,0.353,12.5,18.2,0.687,10.1,22.8,32.9,10.3,6.3,3.3,12.2,17,65.3,0.539,0.499
2023,2023-03-16,Missouri,Utah State,-0.037,-2.82,W,2.6,1.6,4.3,4.6,2.4,-2.4,0.012,-0.012,2022,Creighton,2.08,Team,35,40.4,25.6,57.2,0.448,18.9,35.4,0.533,6.7,21.8,0.308,11.3,15.3,0.738,9.6,28.5,38.1,13.3,5.5,4.3,14.1,13.6,69.2,Opponent,35,40.4,25.1,63.3,0.396,18.4,42.3,0.436,6.7,21,0.317,9.6,13.1,0.728,11.4,24.3,35.7,11.3,6.8,3.5,10.7,15.6,66.4,0.541,0.481
2023,2023-03-18,Missouri,Princeton,0.003,6.65,L,4.7,1.6,5.4,5.0,2.7,-2.8,0.040,0.023,2022,Davidson,2.71,Team,34,40.1,26.7,55.5,0.481,17.9,32.6,0.547,8.9,22.9,0.387,13.2,17.6,0.754,7.4,26.8,34.1,14.6,4.6,2.6,9.8,14.8,75.5,Opponent,34,40.1,23.3,55.6,0.419,15.2,31.4,0.485,8.1,24.2,0.334,11.3,15.3,0.739,7.5,23.6,31.1,11.9,5,2.3,11.1,17.7,66,0.597,0.529
2023,2023-03-17,Montana State,Kansas State,0.017,-13.61,L,-2.7,-2.0,-2.1,-1.9,-2.0,1.6,0.013,0.012,2022,Delaware,2.87,Team,35,40.3,26,55.4,0.469,18.5,33.9,0.545,7.5,21.5,0.347,14,18.8,0.744,8.5,24,32.5,12.6,6.7,3.7,12.6,15.6,73.4,Opponent,35,40.3,25.1,58.4,0.43,17.7,37.6,0.472,7.4,20.9,0.353,12.6,16.5,0.76,10.4,23.1,33.5,11.5,6.4,2.7,12.7,17.5,70.2,0.576,0.535
2023,2023-03-16,North Carolina Asheville,UCLA,-0.059,-23.85,L,4.3,5.4,5.0,5.1,4.8,-0.6,0.023,0.013,2022,Duke,2.42,Team,39,40.1,29.7,60.4,0.491,21.8,38.9,0.561,7.9,21.6,0.366,12.8,17.3,0.738,10.5,27.4,37.9,16.5,6.4,5.6,10.3,13.6,80.1,Opponent,39,40.1,26.3,63.1,0.417,19.5,41.9,0.466,6.8,21.2,0.32,8.3,12,0.691,11.2,22.7,33.9,13.3,6,3.2,10.7,15.7,67.8,0.589,0.496
2023,2023-03-17,North Carolina State,Creighton,0.061,-5.33,L,1.8,2.9,1.6,2.1,2.1,-0.7,0.004,-0.014,2022,Georgia State,2.56,Team,29,40.5,24.9,62.3,0.4,17.3,39.2,0.441,7.6,23.1,0.33,13.2,18.4,0.72,13.3,24.1,37.4,13.5,8.8,4.5,11.7,16.1,70.7,Opponent,29,40.5,23.1,55.5,0.417,15.7,35.1,0.446,7.5,20.4,0.367,12,17.4,0.686,10.5,25.9,36.4,13,6.2,3.5,16.2,16.8,65.7,0.502,0.520
2023,2023-03-16,Northern Kentucky,Houston,-0.265,-23.03,L,-0.5,3.4,4.6,5.0,3.0,-1.7,0.019,0.043,2022,Gonzaga,2.36,Team,32,40,32.7,62.6,0.521,24.5,40.5,0.604,8.2,22.1,0.37,13.7,19.2,0.713,9.7,32.3,41.9,18.1,6.4,5.8,11.6,15.5,87.2,Opponent,32,40,24.7,64.8,0.38,18.1,43.3,0.418,6.6,21.6,0.305,10.3,14.8,0.699,9.8,23.5,33.4,10.2,6.1,2.9,12,18.3,66.2,0.614,0.464
2023,2023-03-16,Northwestern,Boise State,-0.071,0.90,W,-3.1,0.3,0.1,0.5,-0.5,-0.3,-0.014,-0.007,2022,Houston,2.62,Team,38,40.4,27.7,59.7,0.465,19.9,36.5,0.545,7.8,23.2,0.338,11.5,17.3,0.667,13.3,25.7,39,16.2,8,5.2,11.1,17.2,74.8,Opponent,38,40.4,19.6,52.7,0.371,13.1,30.2,0.434,6.5,22.5,0.288,13.1,18.3,0.717,10,22,32,10.8,5.9,2.3,14.2,16.9,58.8,0.556,0.484
2023,2023-03-18,Northwestern,UCLA,-0.197,-8.43,L,-2.2,2.1,1.8,2.7,1.7,1.1,-0.006,0.000,2022,Illinois,2.67,Team,33,40.3,26.2,58.3,0.448,17.2,33.5,0.514,8.9,24.9,0.359,13.2,18.7,0.706,11.5,27,38.5,15.2,5.2,3,12.4,16.3,74.4,Opponent,33,40.3,24.7,59.9,0.413,19.1,42.2,0.452,5.7,17.7,0.32,12.1,16.9,0.715,9.8,23.2,33,10.2,6.6,2.9,10.6,18.1,67.2,0.559,0.499
2023,2023-03-16,Oral Roberts,Duke,0.118,-7.28,L,9.0,6.3,5.0,3.7,4.2,0.4,0.025,0.036,2022,Indiana,2.79,Team,35,40.4,25.8,56.8,0.454,19.9,39.1,0.509,5.9,17.7,0.333,13.3,19,0.7,9.1,27,36.1,14.6,5.6,4.8,11.8,17.4,70.8,Opponent,35,40.4,22.7,57.3,0.396,15.1,34.3,0.44,7.6,22.9,0.33,13.3,17.6,0.756,9.1,24.5,33.6,10.8,6.6,2.7,12.1,17.2,66.2,0.543,0.509
2023,2023-03-16,Penn State,Texas A&M,-0.107,-0.72,W,0.5,1.1,1.1,-0.5,-0.1,4.4,0.013,0.029,2022,Iowa,2.43,Team,36,40.3,29.8,64.5,0.461,20.6,39.2,0.525,9.2,25.3,0.363,14.5,19.4,0.749,11.9,25.4,37.3,16,7.3,4.3,9.2,16.2,83.2,Opponent,36,40.3,26.4,60.3,0.437,19.2,38.4,0.499,7.2,21.9,0.329,11.3,15.8,0.711,10.8,25.1,35.9,14.4,5.3,2.9,13.6,17.8,71.2,0.570,0.529
2023,2023-03-18,Penn State,Texas,-0.136,-7.52,L,-2.7,-0.7,1.5,-0.5,-0.4,4.9,0.002,0.022,2022,Iowa State,3.18,Team,35,40.3,24.3,56.3,0.431,17.6,35.1,0.501,6.7,21.2,0.315,10.4,15.2,0.683,9.6,22.8,32.4,14.7,8.5,3.1,13.8,18.3,65.6,Opponent,35,40.3,21.7,51.1,0.425,16.1,31.7,0.508,5.6,19.5,0.289,13.5,18.8,0.718,9,24.3,33.3,11.6,7.3,4,16.6,17,62.5,0.521,0.526
2023,2023-03-17,Pittsburgh,Iowa State,0.083,-4.77,W,7.3,6.4,4.7,2.7,4.2,3.5,0.007,0.010,2022,Jacksonville State,2.69,Team,32,40.2,26.2,56.1,0.467,16.9,32.1,0.527,9.3,24,0.386,11.9,17.3,0.686,9.6,27.2,36.8,14.3,6.2,2.9,13.1,14.3,73.5,Opponent,32,40.2,24.3,59.4,0.409,15.5,32.8,0.472,8.8,26.6,0.332,9.8,12.8,0.762,9.7,23,32.7,13.2,6.3,2.7,11.8,15.6,67.2,0.577,0.517
2023,2023-03-19,Pittsburgh,Xavier,-0.059,-5.44,L,-5.1,-0.3,-2.5,-3.2,-2.1,0.9,-0.015,-0.031,2022,Kansas,2.86,Team,40,40.4,28.6,59.8,0.478,21.5,40,0.536,7.2,19.8,0.361,13.9,19.4,0.717,11,26.9,37.9,15.3,6.3,4.3,12.1,15.9,78.2,Opponent,40,40.4,24.5,60.3,0.406,18.3,39.3,0.464,6.3,21,0.298,12,16.7,0.719,10.7,22.4,33.1,11.8,6.5,3.2,12.7,17.4,67.3,0.572,0.497
2023,2023-03-16,Princeton,Arizona,-0.099,-14.32,W,-4.5,1.6,-0.9,-2.8,-1.4,1.6,-0.016,-0.019,2022,Kentucky,2.50,Team,34,40.3,30.3,62.7,0.483,24.2,45.2,0.535,6.1,17.5,0.347,12.8,17.6,0.726,13,27.2,40.1,16.1,6.8,4.2,11.6,14.3,79.4,Opponent,34,40.3,24.6,59.4,0.414,18,38.1,0.473,6.6,21.3,0.308,10.9,15.1,0.721,9,21.4,30.4,11.5,6,2.9,12.2,16.1,66.6,0.564,0.504
2023,2023-03-18,Princeton,Missouri,-0.003,-6.65,W,-4.7,-2.2,-3.6,-3.6,-2.5,2.8,-0.040,-0.023,2022,Longwood,2.47,Team,33,40.3,26.5,58.5,0.452,18.3,37,0.495,8.2,21.6,0.378,14.7,20.2,0.726,11.9,25,36.9,14.1,7.8,2.4,12.1,15.4,75.7,Opponent,33,40.3,23.9,55.1,0.434,16.2,31.1,0.521,7.7,23.9,0.32,10.3,14,0.738,7.6,22.8,30.4,11.9,5.8,3.7,14.2,18.2,65.8,0.562,0.537
2023,2023-03-24,Princeton,Creighton,0.088,-13.07,L,-0.4,3.0,0.8,-0.5,0.3,-0.6,-0.004,-0.013,2022,Louisiana State,2.00,Team,34,40.3,25.9,59,0.438,19.4,38.5,0.504,6.5,20.5,0.316,14.4,19.7,0.731,12.1,24.9,37,12.7,11,4.3,14.7,19.1,72.6,Opponent,34,40.3,21,54.5,0.386,13.9,29.1,0.476,7.1,25.4,0.282,14.2,20.6,0.69,11.1,23.6,34.8,11.4,7.2,3.4,17.8,16.7,63.4,0.536,0.499
2023,2023-03-17,Providence,Kentucky,0.000,-1.87,L,3.0,5.6,3.1,2.0,2.8,-0.3,0.009,0.006,2022,Loyola (IL),3.15,Team,33,40.6,25.9,54.4,0.476,17,31,0.55,8.9,23.4,0.379,12.1,17,0.712,7.8,26.1,33.9,14.9,6.9,2.4,12.2,17.2,72.8,Opponent,33,40.6,22,53.6,0.41,15.6,33,0.472,6.4,20.6,0.309,11.2,15.3,0.732,7.9,23.3,31.2,9.2,5.8,3.5,13.5,17.1,61.5,0.588,0.510
2023,2023-03-17,Purdue,Fairleigh Dickinson,0.282,27.21,L,-8.1,-3.4,-5.5,-6.3,-5.9,2.9,-0.035,-0.030,2022,Marquette,1.71,Team,32,40.3,26.9,59.8,0.45,18.3,34.8,0.526,8.6,25,0.344,11.6,15.7,0.741,7.8,26.9,34.8,16,7.8,5.2,12.4,17.4,74,Opponent,32,40.3,25.8,62.5,0.412,18.6,40,0.464,7.2,22.5,0.32,12.9,18.4,0.703,12.5,27,39.4,14.5,7,3.2,13.7,15.1,71.6,0.555,0.507
2023,2023-03-17,Saint Mary's (CA),Virginia Commonwealth,-0.006,7.52,W,-1.5,-0.3,-1.0,-1.3,-1.4,3.3,-0.001,0.015,2022,Memphis,2.40,Team,33,40,26.9,57.4,0.469,20.7,39.9,0.519,6.2,17.5,0.355,15.1,21.7,0.694,12.5,26.3,38.8,15.8,8.4,5.5,16,18.8,75.2,Opponent,33,40,23.4,58.8,0.397,15.3,33.6,0.455,8.1,25.2,0.32,13.5,19.5,0.694,11.7,21,32.7,13.3,9.2,3.5,14.5,18.5,68.3,0.562,0.507
2023,2023-03-19,Saint Mary's (CA),Connecticut,0.030,-5.54,L,-5.9,0.6,-0.4,-1.9,-1.6,1.2,-0.005,0.018,2022,Miami (FL),3.00,Team,37,40.1,27.3,57.7,0.473,20.4,37.2,0.548,6.9,20.5,0.339,12.4,16.6,0.742,7.3,23.3,30.6,14.1,8.9,3.2,9.5,14.9,73.9,Opponent,37,40.1,26.5,57.7,0.459,18.8,35.4,0.53,7.7,22.3,0.345,9.7,14.3,0.679,10.2,25.2,35.4,15.2,5.1,3.4,13.9,15.4,70.4,0.568,0.550
2023,2023-03-16,San Diego State,College of Charleston,-0.099,7.41,W,-6.3,-0.7,-1.3,-1.3,-1.8,0.6,-0.007,-0.003,2022,Michigan,2.36,Team,34,40,26.9,57.6,0.467,20.6,39.1,0.527,6.3,18.5,0.339,12.6,16.9,0.746,9.9,25.8,35.7,14.1,4.7,3.3,11.6,15.2,72.6,Opponent,34,40,25.9,58.7,0.441,19.3,38.2,0.504,6.6,20.4,0.324,11,15,0.734,8.2,22.1,30.3,11.1,5.4,3.2,9.9,15.9,69.4,0.558,0.531
2023,2023-03-18,San Diego State,Furman,0.018,10.92,W,-8.7,-2.4,-3.2,-3.4,-3.3,-0.2,-0.042,-0.021,2022,Michigan State,2.64,Team,36,40,26.1,57.2,0.456,18.8,37.9,0.496,7.3,19.3,0.378,12.8,17.1,0.75,10.1,26.8,36.9,15.7,5.7,5,12.8,16.9,72.3,Opponent,36,40,25,59.4,0.421,18,37.1,0.485,7.1,22.3,0.316,11.9,16.8,0.708,10,22.8,32.8,12.9,6.3,3.4,10.4,16.9,69,0.559,0.517
2023,2023-03-24,San Diego State,Alabama,-0.040,-7.38,W,-7.7,-3.0,-0.8,-2.7,-2.3,0.5,0.012,0.007,2022,Montana State,2.40,Team,35,40.4,26.4,55.8,0.473,18.7,34.9,0.536,7.7,20.8,0.368,16.1,21.4,0.754,8.7,26.4,35.1,13.2,5.2,3.7,12.9,18.3,76.5,Opponent,35,40.4,24,56.1,0.428,17.5,36.3,0.482,6.5,19.8,0.329,14.7,19.6,0.752,7.8,23.2,31,9.6,6.5,2.8,12.9,19.9,69.3,0.587,0.535
2023,2023-03-26,San Diego State,Creighton,0.176,-2.02,W,-5.1,-0.9,-2.0,-2.1,-1.9,-1.6,-0.015,-0.029,2022,Murray State,2.58,Team,34,40.1,28.8,60.5,0.476,20.8,37.7,0.551,8,22.8,0.351,13.6,19.6,0.692,12.5,26.6,39.1,14.7,7.8,3.2,11.4,15.4,79.1,Opponent,34,40.1,23.2,56.2,0.412,16.4,33.5,0.489,6.8,22.8,0.3,10.1,14.8,0.679,8.9,22.4,31.3,10.3,5.4,3.9,13.9,16.8,63.2,0.572,0.504
2023,2023-04-01,San Diego State,Florida Atlantic,-0.099,1.89,W,-4.2,0.8,1.5,-0.4,-0.1,-0.2,-0.013,-0.029,2022,New Mexico State,2.85,Team,34,40.1,25.6,56.3,0.454,17.7,32.4,0.546,7.9,23.9,0.33,13.5,19.2,0.702,10.9,27.3,38.2,13.7,5,4.1,14.1,15.9,72.5,Opponent,34,40.1,22.6,58.1,0.389,15.1,33.3,0.454,7.5,24.8,0.301,12,16,0.747,9.1,22,31.1,11.2,6.9,2.1,11.9,18.8,64.6,0.560,0.496
2023,2023-04-03,San Diego State,Connecticut,0.055,-7.14,L,-4.0,2.8,1.6,-0.2,0.3,0.5,-0.014,-0.014,2022,Norfolk State,2.86,Team,31,40,26.3,57,0.461,19.3,36.7,0.526,7,20.3,0.343,14.8,21.1,0.699,10.3,28.2,38.5,12.5,6.7,3.6,14,17.6,74.3,Opponent,31,40,22.2,58.3,0.38,14.5,32,0.453,7.7,26.3,0.292,12.4,19.3,0.644,10.4,23.2,33.6,12.2,5.8,3.3,13.7,18.2,64.4,0.560,0.482
2023,2023-03-17,Southern California,Michigan State,0.075,-1.19,L,0.5,1.1,0.0,0.4,0.6,-2.0,-0.012,-0.019,2022,North Carolina,2.47,Team,39,40.4,27.6,61.8,0.447,19.2,38.3,0.501,8.4,23.5,0.358,14.3,18.7,0.764,11.5,29.8,41.3,14.9,5.2,3.9,11.7,14.5,77.9,Opponent,39,40.4,26.9,63.2,0.425,19.2,40.3,0.475,7.7,22.9,0.337,9.8,13.5,0.725,8.2,24.5,32.7,12.8,6.6,3.6,9.7,16.5,71.3,0.556,0.516
2023,2023-03-16,Tennessee,Louisiana Lafayette,-0.091,16.57,W,-9.1,-1.8,-2.8,-5.0,-5.6,-1.0,-0.046,-0.059,2022,Notre Dame,2.92,Team,35,40.6,26.1,56.4,0.463,17,32.5,0.522,9.1,23.8,0.381,11.3,15,0.753,7.2,26.8,34,14,5.2,1.9,10.4,12.7,72.6,Opponent,35,40.6,25.7,59.5,0.431,18.9,38.5,0.491,6.7,21,0.322,9.1,13.1,0.694,8.9,24.8,33.7,11.6,6,3,10.1,15,67.1,0.576,0.514
2023,2023-03-18,Tennessee,Duke,-0.068,5.01,W,-3.5,0.9,-0.2,-1.8,-2.9,-1.9,-0.018,-0.023,2022,Ohio State,3.15,Team,32,40.3,25.6,54.4,0.471,17.8,32.9,0.54,7.8,21.5,0.365,13.8,18.2,0.757,9,25.6,34.6,12.5,4.5,4.8,11.2,16.4,72.8,Opponent,32,40.3,24.1,58.1,0.415,17.1,37.2,0.458,7.1,20.9,0.338,12.4,16.9,0.731,10.3,21.7,32,11.5,6.2,2.5,10.2,17.2,67.7,0.583,0.517
2023,2023-03-23,Tennessee,Florida Atlantic,-0.215,6.92,L,-7.2,-1.0,0.5,-2.5,-3.1,-1.3,-0.031,-0.048,2022,Providence,3.00,Team,33,40.8,24.5,56.3,0.435,17.1,34.9,0.49,7.4,21.4,0.344,15.2,20.8,0.728,10.5,27.1,37.6,13.2,5,3.7,11.4,16,71.5,Opponent,33,40.8,24.3,59.4,0.409,17.9,38,0.471,6.4,21.4,0.3,11.2,16,0.696,10.2,24.2,34.4,11.2,5.8,3.7,10.5,18.3,66.2,0.546,0.498
2023,2023-03-16,Texas,Colgate,0.000,18.36,W,-0.8,0.6,0.1,0.2,-0.5,-2.4,-0.023,-0.046,2022,Purdue,2.64,Team,37,40.4,27.7,56.6,0.49,19.2,34.4,0.558,8.5,22.2,0.384,15.4,21.6,0.711,11.1,27.5,38.7,16.2,4.6,3.5,11.8,14.5,79.4,Opponent,37,40.4,25.5,60.1,0.424,17.4,35.7,0.486,8.1,24.4,0.332,9.4,13,0.721,8.6,20.5,29.1,13.6,5.9,2.4,9.5,19.4,68.4,0.601,0.520
2023,2023-03-18,Texas,Penn State,0.136,7.52,W,2.7,-0.6,0.9,1.4,0.2,-4.9,-0.002,-0.022,2022,Richmond,3.25,Team,37,40.3,25.2,57.1,0.442,17.4,33.3,0.523,7.8,23.8,0.329,12.7,17.7,0.718,7.6,24.7,32.3,14.5,7.6,2.4,9.8,13.9,71,Opponent,37,40.3,25.7,58,0.443,18.5,37.1,0.499,7.2,20.9,0.343,9.8,13.6,0.725,9.4,26.2,35.6,12.7,5.3,3.1,12.8,15.6,68.4,0.547,0.535
2023,2023-03-24,Texas,Xavier,0.029,4.53,W,-4.6,-2.2,-2.3,-2.7,-3.3,-1.6,-0.011,-0.039,2022,Saint Mary's (CA),2.69,Team,34,40,26.1,56.3,0.464,18.9,35.9,0.527,7.2,20.5,0.353,10.2,13.5,0.758,8.6,25.1,33.7,13.5,6.9,2.5,11.2,15.6,69.7,Opponent,34,40,22.9,53.7,0.427,17.8,38.5,0.461,5.1,15.2,0.339,9.6,13.4,0.721,7.1,22.4,29.5,8.5,6,3.1,12.6,14.8,60.6,0.560,0.508
2023,2023-03-26,Texas,Miami (FL),-0.017,6.58,L,-2.6,-1.1,-1.3,-1.1,-2.0,-1.9,-0.015,-0.016,2022,Saint Peter's,2.67,Team,34,40.3,23.4,54.9,0.427,17.6,38.2,0.461,5.8,16.6,0.35,14.3,20.4,0.701,10.8,25.1,35.8,12.3,7.1,5,13.4,19.7,67,Opponent,34,40.3,20.6,53.3,0.386,14.9,33.9,0.44,5.6,19.4,0.291,15.7,21.7,0.725,10.1,23.6,33.7,10.9,6.9,4.9,13.7,18,62.5,0.524,0.497
2023,2023-03-16,Texas A&M,Penn State,0.107,0.72,L,-0.5,0.1,-1.6,0.1,-1.1,-4.4,-0.013,-0.029,2022,San Diego State,3.07,Team,32,40.5,23.8,55,0.432,17.8,38.1,0.467,6,16.9,0.354,11.8,17.1,0.692,9.8,25.2,35,11.9,7.5,4.8,12.8,17.5,65.4,Opponent,32,40.5,20.4,53.2,0.384,14.4,33.1,0.435,6,20.1,0.3,11.2,16.5,0.68,9.5,23.5,33,10.5,5.8,3,14.5,17,58.1,0.523,0.480
2023,2023-03-16,Texas A&M-Corpus Christi,Alabama,-0.147,-25.76,L,1.6,2.4,5.2,3.1,1.4,-1.2,0.046,0.041,2022,San Francisco,2.87,Team,34,40.1,27.8,60.7,0.457,18.1,33.2,0.546,9.6,27.5,0.35,12.2,17.6,0.694,10.6,27.2,37.9,13,7.7,4.6,12.8,18.1,77.4,Opponent,34,40.1,24.5,57.6,0.426,19.4,40,0.484,5.1,17.5,0.294,13.6,19,0.713,8.4,24.6,33,10.7,6.1,2.9,12.9,17.3,67.8,0.565,0.514
2023,2023-03-17,Texas Christian,Arizona State,-0.021,4.32,W,2.3,-1.1,1.9,1.2,1.1,-0.8,0.014,-0.023,2022,Seton Hall,2.79,Team,32,40.2,25.3,60.2,0.42,17.9,38.5,0.466,7.3,21.6,0.338,14.1,18.8,0.753,12.1,26.4,38.5,10.3,7.1,5.4,12.1,15.6,71.9,Opponent,32,40.2,23.9,59.3,0.402,17.6,39.2,0.45,6.3,20.2,0.31,12.4,16,0.775,10.8,25,35.8,11.5,6.4,4.2,12.7,16.4,66.4,0.525,0.500
2023,2023-03-19,Texas Christian,Gonzaga,-0.212,-3.38,L,-7.9,-0.4,-0.7,-1.1,-1.4,-1.7,-0.047,-0.055,2022,South Dakota State,2.75,Team,35,40.1,30.8,59.1,0.521,21.5,38.2,0.563,9.3,20.9,0.445,14.9,19.7,0.758,7.4,28.1,35.5,15.1,6.1,2.5,11,15.3,85.9,Opponent,35,40.1,27.3,62.4,0.437,18.2,36.8,0.495,9.1,25.6,0.353,9.6,13,0.74,8.5,23.3,31.8,12.1,4.9,2.6,11.7,17.9,73.2,0.634,0.537
2023,2023-03-16,UCLA,North Carolina Asheville,0.059,23.85,W,-4.3,-3.7,-2.9,-3.5,-4.1,0.6,-0.023,-0.013,2022,Southern California,2.75,Team,34,40.3,26.8,58.9,0.455,20,39.9,0.501,6.8,18.9,0.357,12.1,18.2,0.664,11.7,28.4,40.1,14.3,5,4.4,12.2,15.6,72.4,Opponent,34,40.3,23.7,60.8,0.39,16.8,39.9,0.421,6.9,20.9,0.331,11.6,16.3,0.715,10.4,23.3,33.7,11.9,6.6,3.4,9.8,17.2,66,0.541,0.485
2023,2023-03-18,UCLA,Northwestern,0.197,8.43,W,2.2,-1.0,-0.5,0.9,-0.8,-1.1,0.006,0.000,2022,Tennessee,2.31,Team,35,40.3,26.1,60.2,0.434,17.4,36,0.485,8.7,24.2,0.36,12.5,17.4,0.715,11.7,25.2,36.9,16.5,9.3,4.3,12.3,16.9,73.5,Opponent,35,40.3,22,54.6,0.403,15.3,33.2,0.46,6.7,21.4,0.313,12.2,17.2,0.711,9.4,24.3,33.7,11.5,6.6,2.8,15.8,17.2,62.9,0.542,0.506
2023,2023-03-23,UCLA,Gonzaga,0.004,3.12,L,-12.4,-4.5,-5.3,-4.8,-5.7,-0.9,-0.051,-0.034,2022,Texas,3.38,Team,34,40.3,24.5,55.5,0.441,17.9,35.4,0.504,6.6,20,0.33,13.2,17.7,0.746,10.4,22.9,33.3,13.2,7.7,3.4,11.6,17.9,68.8,Opponent,34,40.3,20.9,50.2,0.417,15.6,33.4,0.466,5.4,16.9,0.319,13.4,19.6,0.681,9.6,22.6,32.2,9.2,5.8,3.3,14.9,17.9,60.6,0.544,0.515
2023,2023-03-16,Utah State,Missouri,0.037,2.82,L,-2.6,-3.2,-1.2,-2.9,-1.8,2.4,-0.012,0.012,2022,Texas Christian,2.57,Team,34,40.3,25.4,57.7,0.439,19.8,39.4,0.503,5.5,18.3,0.302,12.2,18.1,0.674,13,26,39,13.6,6.4,4.1,14.5,15.5,68.5,Opponent,34,40.3,23.9,57,0.42,17.8,37.1,0.48,6.1,19.9,0.309,10.9,15.4,0.709,9.2,21.4,30.6,13,7.1,3.4,12.6,16.1,64.9,0.522,0.509
2023,2023-03-17,Vermont,Marquette,-0.127,-15.44,L,-5.0,-3.7,-2.2,-1.6,-1.9,2.9,-0.003,0.008,2022,Texas Southern,3.58,Team,32,40.2,25.1,57.9,0.433,19.5,40,0.486,5.6,17.9,0.314,13.2,19.5,0.679,11.8,27.6,39.4,10.7,5.6,5.2,14.9,17.7,69,Opponent,32,40.2,23.5,58.9,0.399,17.1,38,0.451,6.4,20.9,0.304,12.7,19.7,0.647,10.7,24.1,34.7,11.4,8.1,2.5,12.1,18.4,66.1,0.519,0.489
2023,2023-03-16,Virginia,Furman,-0.013,8.39,L,-11.9,-6.0,-3.3,-4.8,-4.6,1.7,-0.032,0.009,2022,Texas Tech,3.15,Team,37,40.4,26.2,55.5,0.472,20.1,36.6,0.549,6.1,18.9,0.321,13.6,19.5,0.698,10.6,25.9,36.4,13.7,8,3.5,13.5,16.2,72.1,Opponent,37,40.4,20.6,53.4,0.386,13,29.2,0.445,7.6,24.3,0.315,11.8,17,0.69,9,21.3,30.3,11.1,6.8,2.7,15.8,18.2,60.6,0.563,0.498
2023,2023-03-17,Virginia Commonwealth,Saint Mary's (CA),0.006,-7.52,L,1.5,3.7,3.9,3.5,1.9,-3.3,0.001,-0.015,2022,UCLA,3.08,Team,35,40.7,27.6,61.4,0.45,20.9,42.2,0.494,6.8,19.2,0.353,13.4,18.1,0.741,11.3,25.3,36.6,13.9,7,3.3,8.9,15.8,75.4,Opponent,35,40.7,23.1,55.7,0.415,16.3,34.5,0.473,6.8,21.2,0.321,11.4,15.7,0.726,8.6,24.6,33.2,11.6,4.5,3.2,13.1,16.9,64.5,0.544,0.515
2023,2023-03-16,West Virginia,Maryland,-0.061,1.37,L,6.9,4.6,4.7,4.7,3.6,-2.5,0.026,0.020,2022,Vermont,3.38,Team,34,40.1,27.5,55.9,0.492,18.8,31.9,0.588,8.8,24,0.365,11,14.8,0.742,7.3,27.7,35,15.1,5.1,2.5,9.6,14,74.8,Opponent,34,40.1,22.5,54.8,0.41,15.4,34.2,0.451,7.1,20.6,0.344,8.6,12.5,0.692,6.4,22.7,29.1,9.9,4.8,2.8,11.1,16.2,60.7,0.599,0.503
2023,2023-03-17,Xavier,Kennesaw State,-0.029,15.43,W,5.5,4.5,6.4,2.5,2.7,1.3,0.012,0.026,2022,Villanova,3.08,Team,38,40.1,24.3,56.1,0.432,14.9,30.1,0.495,9.3,26,0.359,13.9,16.7,0.83,10.3,24.5,34.8,11.9,6,2.2,9.9,14.9,71.7,Opponent,38,40.1,22.7,55.6,0.408,15.4,32.1,0.481,7.2,23.4,0.308,10.2,13.9,0.734,9.9,22.8,32.7,11.3,4.7,3.4,11.8,16.3,62.7,0.565,0.508
2023,2023-03-19,Xavier,Pittsburgh,0.059,5.44,W,5.1,3.7,5.1,2.9,2.2,-0.9,0.015,0.031,2022,Virginia Tech,2.38,Team,36,40.1,25.9,55,0.471,17.1,32.4,0.526,8.9,22.6,0.392,10.1,13.5,0.751,8.5,23.5,32,14.3,5.3,3.2,10.9,14.9,70.8,Opponent,36,40.1,23.1,53.7,0.43,16.7,33.9,0.493,6.4,19.8,0.323,10.3,13.8,0.745,8.4,21.9,30.3,11.8,6.3,3,11.9,14.9,62.8,0.581,0.525
2023,2023-03-24,Xavier,Texas,-0.029,-4.53,L,4.6,4.8,7.2,3.5,3.2,1.6,0.011,0.039,2022,Wisconsin,2.27,Team,33,40,24.7,58.5,0.422,18.2,37.4,0.487,6.5,21.1,0.306,14.1,19,0.743,9.3,25.7,35,11.1,5.3,2.9,8.7,16.8,69.9,Opponent,33,40,24.6,56.7,0.435,18.5,37.6,0.49,6.2,19,0.325,10.5,15.4,0.683,8.3,26.6,34.9,11.5,4.7,3.3,11.4,18.9,66,0.523,0.520
2022,2022-03-17,Akron,UCLA,-0.054,-18.39,L,-3.4,-0.1,-0.9,-0.3,-1.0,-0.6,0.013,0.011,2022,Wright State,2.77,Team,36,40,27.4,59.4,0.461,20.9,40,0.524,6.5,19.4,0.333,14.5,18.9,0.768,10.5,24.4,34.9,14.1,5.9,3,12.2,14.5,75.8,Opponent,36,40,27,59.7,0.452,20.1,39.1,0.516,6.9,20.6,0.332,10.9,15.3,0.715,10.2,23.5,33.7,11.2,7.4,2.9,13,17.9,71.8,0.560,0.540
2022,2022-03-18,Alabama,Notre Dame,-0.103,2.75,L,8.2,7.7,6.3,5.3,5.6,-3.6,0.001,-0.028,2022,Yale,2.32,Team,31,40.2,25.6,58.1,0.442,18.8,37.2,0.506,6.8,20.9,0.328,13.7,18.6,0.735,9,26.9,35.9,12,6.2,3.2,12.8,17.5,71.8,Opponent,31,40.2,24.5,58,0.423,17.2,34,0.507,7.3,24,0.305,12.7,18.5,0.689,9.6,25.9,35.5,11.9,7.3,3.5,13.2,17.5,69.1,0.542,0.522
2022,2022-03-18,Alabama Birmingham,Houston,-0.059,-11.65,L,6.7,7.1,5.0,5.8,4.9,-1.0,0.020,0.038,2021,Abilene Christian,2.40,Team,29,40,27.1,60.4,0.449,19.5,38.2,0.509,7.6,22.2,0.344,13.9,20.5,0.678,11.3,24.8,36.1,17.7,9.7,3,13.6,19.1,75.7,Opponent,29,40,20.7,51.3,0.404,15.2,33.4,0.455,5.6,17.9,0.31,13.4,19.8,0.681,9.1,24.9,34,10.3,6.5,3.8,19.9,20,60.4,0.545,0.503
2022,2022-03-18,Arizona,Wright State,0.283,24.69,W,2.3,2.0,2.3,-2.2,-0.5,-0.5,-0.016,0.007,2021,Alabama,2.50,Team,33,40.2,28,64.4,0.435,17.5,34.4,0.507,10.5,30,0.352,13.1,18.5,0.708,12.4,28.3,40.7,14.1,8.5,4.3,13.9,18.3,79.7,Opponent,33,40.2,25.4,62.2,0.408,19.2,40.9,0.468,6.2,21.3,0.291,13.2,19.1,0.689,11.5,26.5,38,11.2,7.9,4.9,15.3,18.2,70.1,0.549,0.496
2022,2022-03-20,Arizona,Texas Christian,0.287,9.03,W,9.3,7.0,4.9,1.4,2.7,0.4,0.019,0.035,2021,Arkansas,2.60,Team,32,40.2,29.2,64.7,0.451,21.9,42.8,0.513,7.3,21.9,0.332,15.7,21.2,0.74,11.8,27.9,39.7,14.6,7.8,4.9,12.9,16.9,81.4,Opponent,32,40.2,25.4,61.2,0.415,17.7,38.1,0.463,7.8,23.1,0.336,12.2,17.8,0.687,9.8,26,35.8,12.3,6.5,3.6,15.1,19,70.8,0.550,0.513
2022,2022-03-24,Arizona,Houston,0.059,0.20,L,9.3,9.4,9.1,5.1,6.4,-0.5,0.014,0.027,2021,Baylor,2.54,Team,30,40.2,30.6,62.9,0.486,20.6,38.7,0.532,10,24.1,0.413,11.8,16.7,0.708,12.5,23.5,36,16.9,8.9,3.7,11.5,17.1,82.9,Opponent,30,40.2,23.7,54.7,0.433,17.5,36,0.487,6.2,18.8,0.329,11.9,17.1,0.695,9.9,21.8,31.7,12.3,5.6,4.1,17,16.4,65.5,0.590,0.526
2022,2022-03-17,Arkansas,Vermont,-0.091,8.46,W,4.3,8.1,5.7,5.2,4.5,-3.2,-0.023,-0.041,2021,Brigham Young,2.75,Team,27,40.6,28.7,59.6,0.483,20,36.1,0.554,8.7,23.4,0.373,11.9,16.4,0.725,9.4,29.7,39.2,16.1,4.6,2.8,13.2,18,78.1,Opponent,27,40.6,24.8,60.3,0.411,17.8,39.2,0.455,7,21.1,0.33,12.1,17.8,0.681,8.9,23.6,32.5,11.6,6.3,2,11.3,18.5,68.6,0.584,0.503
2022,2022-03-19,Arkansas,New Mexico State,-0.055,9.16,W,3.6,5.2,3.2,2.2,2.9,-0.5,0.001,-0.002,2021,California Santa Barbara,2.71,Team,27,40.4,27.4,56.8,0.482,20.7,37.5,0.551,6.7,19.3,0.347,14.5,19.3,0.751,9.3,25.9,35.2,16.2,7.4,2.8,10.9,15.9,76,Opponent,27,40.4,23.1,54.8,0.421,17.3,37.2,0.464,5.8,17.6,0.331,10.9,14.6,0.746,7.5,22.3,29.7,10.7,4.6,2.1,13.8,17.7,62.8,0.582,0.513
2022,2022-03-24,Arkansas,Gonzaga,-0.139,-9.19,W,-4.6,3.3,2.8,1.8,1.6,-1.7,-0.010,-0.024,2021,Clemson,2.53,Team,24,40.2,23.4,55.1,0.425,15.2,31.2,0.486,8.3,23.9,0.345,9.8,12.8,0.769,8.6,24,32.6,13.3,6.1,2.9,12.6,15.6,64.9,Opponent,24,40.2,22,52.7,0.418,14.8,31.1,0.477,7.2,21.6,0.334,10.6,15.3,0.697,8.8,24,32.8,11.2,6.5,3.1,14.1,15.3,61.9,0.534,0.521
2022,2022-03-26,Arkansas,Duke,-0.066,-3.28,L,-1.8,2.2,0.5,1.1,0.7,-3.0,-0.014,-0.029,2021,Cleveland State,2.56,Team,27,40.9,26,57.7,0.45,19.6,37.9,0.517,6.4,19.8,0.321,12.6,18.8,0.671,10.5,24.1,34.6,13.7,7,2.6,12.9,19.4,70.9,Opponent,27,40.9,24.1,56.7,0.425,16.7,32.7,0.512,7.4,24,0.307,15.6,21.3,0.731,11.4,24,35.4,12.7,6.4,2.9,13.8,16.6,71.2,0.537,0.539
2022,2022-03-18,Auburn,Jacksonville State,0.166,19.39,W,2.4,3.8,0.8,1.1,2.7,-0.9,-0.031,-0.045,2021,Colgate,2.64,Team,16,40.3,30.9,62.8,0.493,21.7,39.9,0.544,9.3,22.9,0.403,14.1,19.4,0.723,9.5,30.4,39.9,17.6,7.1,3.4,10.8,16.2,85.2,Opponent,16,40.3,26.1,63.5,0.41,20,40.5,0.494,6.1,23,0.264,11.4,16.7,0.685,10.2,24.9,35.1,11.1,5.5,2.9,11.9,17.6,69.6,0.597,0.491
2022,2022-03-20,Auburn,Miami (FL),0.147,7.98,L,0.5,0.9,-1.9,0.1,0.7,-1.6,-0.043,-0.028,2021,Colorado,2.56,Team,32,40,25.9,56.7,0.456,18.2,36.1,0.504,7.7,20.7,0.372,13.7,16.7,0.819,9.8,25,34.8,13.6,5.2,2.8,11.4,16.4,73.1,Opponent,32,40,22.9,54.5,0.421,16.6,35.4,0.468,6.4,19.1,0.333,11.6,15.8,0.73,8.4,22.2,30.6,11.2,4.8,2.9,13.1,16.5,63.8,0.571,0.519
2022,2022-03-17,Baylor,Norfolk State,0.013,25.64,W,1.2,1.7,1.7,1.3,-0.1,-0.3,0.014,0.005,2021,Connecticut,2.29,Team,23,40.2,26.2,60.3,0.434,19.4,40.2,0.483,6.7,20.1,0.335,12.7,17.5,0.722,13.5,24.7,38.2,12.9,6.2,5.3,11.7,18.8,71.7,Opponent,23,40.2,22.3,54,0.414,16.5,36,0.458,5.8,18,0.324,14,19.9,0.707,10.1,23,33.1,10.5,5.4,2.7,13,17,64.6,0.527,0.515
2022,2022-03-19,Baylor,North Carolina,0.094,6.23,L,-4.1,-1.4,-2.1,-2.5,-3.7,-3.5,-0.001,-0.025,2021,Creighton,2.53,Team,31,40.3,28.3,60.1,0.472,18.9,33.9,0.557,9.5,26.2,0.361,9.9,15.4,0.64,8.4,27.4,35.7,15.6,7,3.3,11,15.4,76,Opponent,31,40.3,24.9,60.9,0.408,17.3,37,0.467,7.6,23.9,0.317,10.9,15.5,0.701,10.6,26,36.7,13.1,5.5,2.8,12.5,16,68.2,0.568,0.504
2022,2022-03-17,Boise State,Memphis,0.117,-2.74,L,-7.2,-2.7,-4.7,-5.3,-3.8,2.6,-0.005,-0.001,2021,Drake,2.64,Team,31,40.3,29.3,60.6,0.483,22.3,41.4,0.537,7,19.2,0.367,10.3,14.5,0.713,10.2,25.9,36.1,13.6,7,3,10.3,15.7,75.9,Opponent,31,40.3,23.4,55.4,0.422,17.2,35.5,0.484,6.2,19.9,0.312,11.5,16,0.719,8.6,22.6,31.2,10.8,5.5,3.1,12.6,14.1,64.5,0.567,0.516
2022,2022-03-18,Cal State Fullerton,Duke,-0.146,-19.59,L,-5.7,-0.9,-1.7,0.0,-1.3,-2.5,0.000,0.010,2021,Drexel,,,,,,,,,,,,,,,,,,,,,,,,,,,,,,,,,,,,,,,,,,,,,,,,,,,
2022,2022-03-18,Chattanooga,Illinois,0.084,-10.57,L,-1.5,0.1,-0.1,-1.1,-1.8,-0.2,0.011,-0.019,2021,Eastern Washington,,,,,,,,,,,,,,,,,,,,,,,,,,,,,,,,,,,,,,,,,,,,,,,,,,,
2022,2022-03-18,Colgate,Wisconsin,-0.098,-12.15,L,3.4,1.2,3.3,1.2,0.7,-1.1,0.026,0.054,2021,Florida,,,,,,,,,,,,,,,,,,,,,,,,,,,,,,,,,,,,,,,,,,,,,,,,,,,
2022,2022-03-17,Colorado State,Michigan,0.285,-2.75,L,-1.3,-1.0,-0.1,-1.2,-1.8,-0.5,0.016,0.011,2021,Florida State,,,,,,,,,,,,,,,,,,,,,,,,,,,,,,,,,,,,,,,,,,,,,,,,,,,
2022,2022-03-17,Connecticut,New Mexico State,-0.094,9.29,L,1.5,5.0,1.8,-0.1,2.5,1.0,-0.009,0.037,2021,Georgetown,,,,,,,,,,,,,,,,,,,,,,,,,,,,,,,,,,,,,,,,,,,,,,,,,,,
2022,2022-03-17,Creighton,San Diego State,-0.075,-1.79,W,6.1,6.7,5.6,4.0,4.8,1.3,0.009,-0.015,2021,Georgia Tech,,,,,,,,,,,,,,,,,,,,,,,,,,,,,,,,,,,,,,,,,,,,,,,,,,,
2022,2022-03-19,Creighton,Kansas,-0.157,-10.94,L,-4.9,2.1,0.3,-0.9,0.1,0.0,-0.024,-0.017,2021,Gonzaga,,,,,,,,,,,,,,,,,,,,,,,,,,,,,,,,,,,,,,,,,,,,,,,,,,,
2022,2022-03-18,Davidson,Michigan State,0.171,-2.75,L,0.1,-0.9,-0.7,-2.4,-1.9,1.2,0.026,0.014,2021,Grand Canyon,,,,,,,,,,,,,,,,,,,,,,,,,,,,,,,,,,,,,,,,,,,,,,,,,,,
2022,2022-03-18,Delaware,Villanova,-0.141,-18.99,L,4.6,3.7,4.4,4.8,3.9,-1.8,0.019,0.017,2021,Hartford,,,,,,,,,,,,,,,,,,,,,,,,,,,,,,,,,,,,,,,,,,,,,,,,,,,
2022,2022-03-18,Duke,Cal State Fullerton,0.146,19.59,W,5.7,3.6,2.3,0.8,1.8,2.5,0.000,-0.010,2021,Houston,,,,,,,,,,,,,,,,,,,,,,,,,,,,,,,,,,,,,,,,,,,,,,,,,,,
2022,2022-03-20,Duke,Michigan State,0.176,6.37,W,3.3,2.0,1.2,-0.5,0.5,1.1,0.005,-0.004,2021,Illinois,,,,,,,,,,,,,,,,,,,,,,,,,,,,,,,,,,,,,,,,,,,,,,,,,,,
2022,2022-03-24,Duke,Texas Tech,0.088,-0.53,W,7.6,7.4,6.3,3.4,5.0,4.2,0.012,0.025,2021,Iona,,,,,,,,,,,,,,,,,,,,,,,,,,,,,,,,,,,,,,,,,,,,,,,,,,,
2022,2022-03-26,Duke,Arkansas,0.066,3.28,W,1.8,1.3,1.8,-0.3,0.8,3.0,0.014,0.029,2021,Iowa,,,,,,,,,,,,,,,,,,,,,,,,,,,,,,,,,,,,,,,,,,,,,,,,,,,
2022,2022-04-02,Duke,North Carolina,0.105,4.05,L,-0.7,0.8,0.1,-1.8,-0.8,0.2,0.006,-0.005,2021,Kansas,,,,,,,,,,,,,,,,,,,,,,,,,,,,,,,,,,,,,,,,,,,,,,,,,,,
2022,2022-03-17,Georgia State,Gonzaga,-0.254,-26.57,L,-8.5,1.8,1.4,1.1,0.5,-2.2,-0.028,0.011,2021,Liberty,,,,,,,,,,,,,,,,,,,,,,,,,,,,,,,,,,,,,,,,,,,,,,,,,,,
2022,2022-03-17,Gonzaga,Georgia State,0.254,26.57,W,8.5,3.0,2.8,0.4,1.4,2.2,0.028,-0.011,2021,Louisiana State,,,,,,,,,,,,,,,,,,,,,,,,,,,,,,,,,,,,,,,,,,,,,,,,,,,
2022,2022-03-19,Gonzaga,Memphis,0.219,10.79,W,5.0,3.6,1.4,-2.5,0.1,3.5,0.005,0.000,2021,Loyola (IL),,,,,,,,,,,,,,,,,,,,,,,,,,,,,,,,,,,,,,,,,,,,,,,,,,,
2022,2022-03-24,Gonzaga,Arkansas,0.139,9.19,L,4.6,2.5,1.8,-1.1,0.1,1.7,0.010,0.024,2021,Maryland,,,,,,,,,,,,,,,,,,,,,,,,,,,,,,,,,,,,,,,,,,,,,,,,,,,
2022,2022-03-18,Houston,Alabama Birmingham,0.059,11.65,W,-6.7,-1.3,-1.4,-2.7,-3.2,1.0,-0.020,-0.038,2021,Michigan,,,,,,,,,,,,,,,,,,,,,,,,,,,,,,,,,,,,,,,,,,,,,,,,,,,
2022,2022-03-20,Houston,Illinois,0.143,5.86,W,-4.0,-1.2,-1.2,-3.5,-3.1,-1.2,-0.009,-0.027,2021,Missouri,,,,,,,,,,,,,,,,,,,,,,,,,,,,,,,,,,,,,,,,,,,,,,,,,,,
2022,2022-03-24,Houston,Arizona,-0.059,-0.20,W,-9.3,-2.1,-2.5,-4.1,-3.5,0.5,-0.014,-0.027,2021,Morehead State,,,,,,,,,,,,,,,,,,,,,,,,,,,,,,,,,,,,,,,,,,,,,,,,,,,
2022,2022-03-26,Houston,Villanova,0.065,3.24,L,-0.4,1.2,0.5,-0.3,-1.1,-1.8,-0.017,-0.021,2021,Norfolk State,,,,,,,,,,,,,,,,,,,,,,,,,,,,,,,,,,,,,,,,,,,,,,,,,,,
2022,2022-03-18,Illinois,Chattanooga,-0.084,10.57,W,1.5,5.1,3.7,1.2,1.2,0.2,-0.011,0.019,2021,North Carolina,,,,,,,,,,,,,,,,,,,,,,,,,,,,,,,,,,,,,,,,,,,,,,,,,,,
2022,2022-03-20,Illinois,Houston,-0.143,-5.86,L,4.0,7.5,6.4,3.9,4.6,1.2,0.009,0.027,2021,North Carolina Greensboro,,,,,,,,,,,,,,,,,,,,,,,,,,,,,,,,,,,,,,,,,,,,,,,,,,,
2022,2022-03-17,Indiana,Saint Mary's (CA),-0.164,-2.11,L,3.3,6.1,5.9,2.6,3.7,-0.1,-0.008,-0.015,2021,North Texas,,,,,,,,,,,,,,,,,,,,,,,,,,,,,,,,,,,,,,,,,,,,,,,,,,,
2022,2022-03-17,Iowa,Richmond,0.086,11.83,W,7.5,2.3,3.1,2.4,2.0,-0.1,0.009,0.010,2021,Ohio,,,,,,,,,,,,,,,,,,,,,,,,,,,,,,,,,,,,,,,,,,,,,,,,,,,
2022,2022-03-18,Iowa State,Louisiana State,-0.042,-5.07,W,-4.0,-1.6,1.2,0.2,-0.6,1.1,0.006,0.003,2021,Ohio State,,,,,,,,,,,,,,,,,,,,,,,,,,,,,,,,,,,,,,,,,,,,,,,,,,,
2022,2022-03-20,Iowa State,Wisconsin,-0.149,-0.75,W,-3.9,-3.0,-0.1,0.1,-1.9,-5.2,0.002,-0.014,2021,Oklahoma,,,,,,,,,,,,,,,,,,,,,,,,,,,,,,,,,,,,,,,,,,,,,,,,,,,
2022,2022-03-25,Iowa State,Miami (FL),-0.072,1.16,L,-8.1,-5.5,-4.2,-2.3,-4.1,-3.5,-0.036,-0.040,2021,Oklahoma State,,,,,,,,,,,,,,,,,,,,,,,,,,,,,,,,,,,,,,,,,,,,,,,,,,,
2022,2022-03-18,Jacksonville State,Auburn,-0.166,-19.39,L,-2.4,0.1,1.6,-0.6,-0.5,0.9,0.031,0.045,2021,Oral Roberts,,,,,,,,,,,,,,,,,,,,,,,,,,,,,,,,,,,,,,,,,,,,,,,,,,,
2022,2022-03-17,Kansas,Texas Southern,0.211,25.58,W,5.2,2.2,2.6,-0.3,1.5,1.1,0.031,0.021,2021,Oregon,,,,,,,,,,,,,,,,,,,,,,,,,,,,,,,,,,,,,,,,,,,,,,,,,,,
2022,2022-03-19,Kansas,Creighton,0.157,10.94,W,4.9,1.5,2.5,0.2,0.8,0.0,0.024,0.017,2021,Oregon State,,,,,,,,,,,,,,,,,,,,,,,,,,,,,,,,,,,,,,,,,,,,,,,,,,,
2022,2022-03-25,Kansas,Providence,-0.010,9.20,W,3.9,2.3,2.6,0.8,0.8,-1.5,0.013,0.008,2021,Purdue,,,,,,,,,,,,,,,,,,,,,,,,,,,,,,,,,,,,,,,,,,,,,,,,,,,
2022,2022-03-27,Kansas,Miami (FL),0.127,11.06,W,0.6,-0.3,-1.5,-1.0,-1.1,-0.7,-0.024,-0.013,2021,Rutgers,,,,,,,,,,,,,,,,,,,,,,,,,,,,,,,,,,,,,,,,,,,,,,,,,,,
2022,2022-04-02,Kansas,Villanova,0.036,2.97,W,5.6,4.9,4.3,3.1,2.7,-1.6,-0.002,-0.004,2021,San Diego State,,,,,,,,,,,,,,,,,,,,,,,,,,,,,,,,,,,,,,,,,,,,,,,,,,,
2022,2022-04-04,Kansas,North Carolina,0.105,6.78,W,-1.8,0.6,-0.8,-2.2,-1.7,-1.7,-0.001,-0.018,2021,Southern California,,,,,,,,,,,,,,,,,,,,,,,,,,,,,,,,,,,,,,,,,,,,,,,,,,,
2022,2022-03-17,Kentucky,Saint Peter's,0.155,17.94,L,8.3,5.2,4.6,2.0,1.7,1.7,0.023,0.007,2021,St. Bonaventure,,,,,,,,,,,,,,,,,,,,,,,,,,,,,,,,,,,,,,,,,,,,,,,,,,,
2022,2022-03-17,Longwood,Tennessee,0.025,-20.81,L,2.6,3.1,2.7,2.1,1.3,0.9,0.026,0.013,2021,Syracuse,,,,,,,,,,,,,,,,,,,,,,,,,,,,,,,,,,,,,,,,,,,,,,,,,,,
2022,2022-03-18,Louisiana State,Iowa State,0.042,5.07,L,4.0,2.3,1.0,2.3,0.6,-1.1,-0.006,-0.003,2021,Tennessee,,,,,,,,,,,,,,,,,,,,,,,,,,,,,,,,,,,,,,,,,,,,,,,,,,,
2022,2022-03-18,Loyola (IL),Ohio State,0.148,-0.78,L,-3.1,-2.2,-1.4,-2.8,-3.2,-2.2,-0.001,-0.008,2021,Texas,,,,,,,,,,,,,,,,,,,,,,,,,,,,,,,,,,,,,,,,,,,,,,,,,,,
2022,2022-03-17,Marquette,North Carolina,-0.106,-4.14,L,-1.8,1.2,1.8,0.8,1.0,-2.4,-0.005,-0.016,2021,Texas Southern,,,,,,,,,,,,,,,,,,,,,,,,,,,,,,,,,,,,,,,,,,,,,,,,,,,
2022,2022-03-17,Memphis,Boise State,-0.117,2.74,W,7.2,8.1,6.7,5.3,5.0,-2.6,0.005,0.001,2021,Texas Tech,,,,,,,,,,,,,,,,,,,,,,,,,,,,,,,,,,,,,,,,,,,,,,,,,,,
2022,2022-03-19,Memphis,Gonzaga,-0.219,-10.79,L,-5.0,3.8,3.8,2.2,2.3,-3.5,-0.005,0.000,2021,UCLA,,,,,,,,,,,,,,,,,,,,,,,,,,,,,,,,,,,,,,,,,,,,,,,,,,,
2022,2022-03-18,Miami (FL),Southern California,-0.091,-1.28,W,3.0,0.6,3.3,3.4,2.1,-0.7,0.046,-0.002,2021,Utah State,,,,,,,,,,,,,,,,,,,,,,,,,,,,,,,,,,,,,,,,,,,,,,,,,,,
2022,2022-03-20,Miami (FL),Auburn,-0.147,-7.98,W,-0.5,-1.4,3.1,2.3,1.3,1.6,0.043,0.028,2021,Villanova,,,,,,,,,,,,,,,,,,,,,,,,,,,,,,,,,,,,,,,,,,,,,,,,,,,
2022,2022-03-25,Miami (FL),Iowa State,0.072,-1.16,W,8.1,2.6,5.2,4.8,3.6,3.5,0.036,0.040,2021,Virginia,,,,,,,,,,,,,,,,,,,,,,,,,,,,,,,,,,,,,,,,,,,,,,,,,,,
2022,2022-03-27,Miami (FL),Kansas,-0.127,-11.06,L,-0.6,0.3,2.7,2.8,1.6,0.7,0.024,0.013,2021,Virginia Tech,,,,,,,,,,,,,,,,,,,,,,,,,,,,,,,,,,,,,,,,,,,,,,,,,,,
2022,2022-03-17,Michigan,Colorado State,-0.285,2.75,W,1.3,3.6,2.8,1.3,1.9,0.5,-0.016,-0.011,2021,West Virginia,,,,,,,,,,,,,,,,,,,,,,,,,,,,,,,,,,,,,,,,,,,,,,,,,,,
2022,2022-03-19,Michigan,Tennessee,-0.239,-6.20,W,2.8,4.3,4.6,2.3,3.5,3.3,0.021,-0.005,2021,Winthrop,,,,,,,,,,,,,,,,,,,,,,,,,,,,,,,,,,,,,,,,,,,,,,,,,,,
2022,2022-03-24,Michigan,Villanova,-0.239,-5.05,L,3.8,4.9,4.8,3.4,3.3,0.1,0.008,-0.002,2021,Wisconsin,,,,,,,,,,,,,,,,,,,,,,,,,,,,,,,,,,,,,,,,,,,,,,,,,,,
2022,2022-03-18,Michigan State,Davidson,-0.171,2.75,W,-0.1,4.4,3.4,1.9,2.9,-1.2,-0.026,-0.014,2019,Abilene Christian,,,,,,,,,,,,,,,,,,,,,,,,,,,,,,,,,,,,,,,,,,,,,,,,,,,
2022,2022-03-20,Michigan State,Duke,-0.176,-6.37,L,-3.3,2.1,1.8,0.5,1.5,-1.1,-0.005,0.004,2019,Arizona State,,,,,,,,,,,,,,,,,,,,,,,,,,,,,,,,,,,,,,,,,,,,,,,,,,,
2022,2022-03-18,Montana State,Texas Tech,0.059,-20.34,L,6.6,6.8,5.4,3.6,4.9,1.8,0.031,0.031,2019,Auburn,,,,,,,,,,,,,,,,,,,,,,,,,,,,,,,,,,,,,,,,,,,,,,,,,,,
2022,2022-03-17,Murray State,San Francisco,0.210,-4.25,W,-1.4,0.8,-0.3,-1.5,-2.2,0.2,-0.002,0.004,2019,Baylor,,,,,,,,,,,,,,,,,,,,,,,,,,,,,,,,,,,,,,,,,,,,,,,,,,,
2022,2022-03-19,Murray State,Saint Peter's,0.304,6.91,L,6.4,3.1,2.3,0.8,-0.5,0.9,0.027,0.005,2019,Belmont,,,,,,,,,,,,,,,,,,,,,,,,,,,,,,,,,,,,,,,,,,,,,,,,,,,
2022,2022-03-17,New Mexico State,Connecticut,0.094,-9.29,W,-1.5,2.3,1.4,-1.0,0.0,-1.0,0.009,-0.037,2019,Bradley,,,,,,,,,,,,,,,,,,,,,,,,,,,,,,,,,,,,,,,,,,,,,,,,,,,
2022,2022-03-19,New Mexico State,Arkansas,0.055,-9.16,L,-3.6,-0.2,-1.3,-2.7,-1.6,0.5,-0.001,0.002,2019,Buffalo,,,,,,,,,,,,,,,,,,,,,,,,,,,,,,,,,,,,,,,,,,,,,,,,,,,
2022,2022-03-17,Norfolk State,Baylor,-0.013,-25.64,L,-1.2,3.2,-0.2,0.3,0.6,0.3,-0.014,-0.005,2019,California Irvine,,,,,,,,,,,,,,,,,,,,,,,,,,,,,,,,,,,,,,,,,,,,,,,,,,,
2022,2022-03-17,North Carolina,Marquette,0.106,4.14,W,1.8,0.8,0.1,-1.1,0.2,2.4,0.005,0.016,2019,Central Florida,,,,,,,,,,,,,,,,,,,,,,,,,,,,,,,,,,,,,,,,,,,,,,,,,,,
2022,2022-03-19,North Carolina,Baylor,-0.094,-6.23,W,4.1,8.1,4.5,3.0,4.2,3.5,0.001,0.025,2019,Cincinnati,,,,,,,,,,,,,,,,,,,,,,,,,,,,,,,,,,,,,,,,,,,,,,,,,,,
2022,2022-03-25,North Carolina,UCLA,-0.063,-3.80,W,4.6,7.5,5.1,3.8,3.8,0.3,0.007,0.011,2019,Colgate,,,,,,,,,,,,,,,,,,,,,,,,,,,,,,,,,,,,,,,,,,,,,,,,,,,
2022,2022-03-27,North Carolina,Saint Peter's,0.085,12.54,W,9.8,8.2,6.4,3.6,3.9,2.9,0.025,0.027,2019,Duke,,,,,,,,,,,,,,,,,,,,,,,,,,,,,,,,,,,,,,,,,,,,,,,,,,,
2022,2022-04-02,North Carolina,Duke,-0.105,-4.05,W,0.7,5.5,2.6,1.4,2.1,-0.2,-0.006,0.005,2019,Fairleigh Dickinson,,,,,,,,,,,,,,,,,,,,,,,,,,,,,,,,,,,,,,,,,,,,,,,,,,,
2022,2022-04-04,North Carolina,Kansas,-0.105,-6.78,L,1.8,6.1,3.6,1.4,2.4,1.7,0.001,0.018,2019,Florida,,,,,,,,,,,,,,,,,,,,,,,,,,,,,,,,,,,,,,,,,,,,,,,,,,,
2022,2022-03-18,Notre Dame,Alabama,0.103,-2.75,W,-8.2,-5.8,-4.0,-6.0,-5.6,3.6,-0.001,0.028,2019,Florida State,,,,,,,,,,,,,,,,,,,,,,,,,,,,,,,,,,,,,,,,,,,,,,,,,,,
2022,2022-03-20,Notre Dame,Texas Tech,-0.038,-8.21,L,3.5,5.1,4.7,2.5,2.9,4.4,0.015,0.034,2019,Gardner Webb,,,,,,,,,,,,,,,,,,,,,,,,,,,,,,,,,,,,,,,,,,,,,,,,,,,
2022,2022-03-18,Ohio State,Loyola (IL),-0.148,0.78,W,3.1,4.8,4.8,2.5,3.8,2.2,0.001,0.008,2019,Georgia State,,,,,,,,,,,,,,,,,,,,,,,,,,,,,,,,,,,,,,,,,,,,,,,,,,,
2022,2022-03-20,Ohio State,Villanova,-0.155,-5.14,L,3.1,3.5,3.1,2.4,3.2,0.2,0.013,0.018,2019,Gonzaga,,,,,,,,,,,,,,,,,,,,,,,,,,,,,,,,,,,,,,,,,,,,,,,,,,,
2022,2022-03-17,Providence,South Dakota State,-0.049,6.48,W,-10.7,-0.6,-3.0,-3.5,-3.0,0.4,-0.063,-0.077,2019,Houston,,,,,,,,,,,,,,,,,,,,,,,,,,,,,,,,,,,,,,,,,,,,,,,,,,,
2022,2022-03-19,Providence,Richmond,0.176,6.01,W,-0.9,-0.1,-0.9,-1.3,-0.8,0.4,-0.019,-0.014,2019,Iona,,,,,,,,,,,,,,,,,,,,,,,,,,,,,,,,,,,,,,,,,,,,,,,,,,,
2022,2022-03-25,Providence,Kansas,0.010,-9.20,L,-3.9,1.7,0.2,-1.3,-0.3,1.5,-0.013,-0.008,2019,Iowa,,,,,,,,,,,,,,,,,,,,,,,,,,,,,,,,,,,,,,,,,,,,,,,,,,,
2022,2022-03-18,Purdue,Yale,0.161,19.25,W,3.5,1.3,1.8,-1.7,-0.3,2.4,0.028,0.042,2019,Iowa State,,,,,,,,,,,,,,,,,,,,,,,,,,,,,,,,,,,,,,,,,,,,,,,,,,,
2022,2022-03-20,Purdue,Texas,0.138,2.14,W,9.2,7.2,7.4,3.3,4.0,2.6,0.031,0.034,2019,Kansas,,,,,,,,,,,,,,,,,,,,,,,,,,,,,,,,,,,,,,,,,,,,,,,,,,,
2022,2022-03-25,Purdue,Saint Peter's,0.161,16.19,L,9.2,5.5,5.6,1.8,2.3,2.9,0.049,0.038,2019,Kansas State,,,,,,,,,,,,,,,,,,,,,,,,,,,,,,,,,,,,,,,,,,,,,,,,,,,
2022,2022-03-17,Richmond,Iowa,-0.086,-11.83,W,-7.5,-3.2,-1.4,-0.3,-1.7,0.1,-0.009,-0.010,2019,Kentucky,,,,,,,,,,,,,,,,,,,,,,,,,,,,,,,,,,,,,,,,,,,,,,,,,,,
2022,2022-03-19,Richmond,Providence,-0.176,-6.01,L,0.9,0.1,2.8,2.0,0.5,-0.4,0.019,0.014,2019,Liberty,,,,,,,,,,,,,,,,,,,,,,,,,,,,,,,,,,,,,,,,,,,,,,,,,,,
2022,2022-03-17,Saint Mary's (CA),Indiana,0.164,2.11,W,-3.3,-2.8,-1.5,-2.7,-2.9,0.1,0.008,0.015,2019,Louisiana State,,,,,,,,,,,,,,,,,,,,,,,,,,,,,,,,,,,,,,,,,,,,,,,,,,,
2022,2022-03-19,Saint Mary's (CA),UCLA,0.000,-4.48,L,-4.8,-1.7,-1.0,-0.8,-2.3,-0.9,0.005,0.009,2019,Louisville,,,,,,,,,,,,,,,,,,,,,,,,,,,,,,,,,,,,,,,,,,,,,,,,,,,
2022,2022-03-17,Saint Peter's,Kentucky,-0.155,-17.94,W,-8.3,0.6,-1.7,-1.5,-1.0,-1.7,-0.023,-0.007,2019,Marquette,,,,,,,,,,,,,,,,,,,,,,,,,,,,,,,,,,,,,,,,,,,,,,,,,,,
2022,2022-03-19,Saint Peter's,Murray State,-0.304,-6.91,W,-6.4,1.9,0.6,0.5,0.2,-0.9,-0.027,-0.005,2019,Maryland,,,,,,,,,,,,,,,,,,,,,,,,,,,,,,,,,,,,,,,,,,,,,,,,,,,
2022,2022-03-25,Saint Peter's,Purdue,-0.161,-16.19,W,-9.2,0.4,-3.6,-2.4,-1.7,-2.9,-0.049,-0.038,2019,Michigan,,,,,,,,,,,,,,,,,,,,,,,,,,,,,,,,,,,,,,,,,,,,,,,,,,,
2022,2022-03-27,Saint Peter's,North Carolina,-0.085,-12.54,L,-9.8,-2.9,-4.7,-4.2,-3.7,-2.9,-0.025,-0.027,2019,Michigan State,,,,,,,,,,,,,,,,,,,,,,,,,,,,,,,,,,,,,,,,,,,,,,,,,,,
2022,2022-03-17,San Diego State,Creighton,0.075,1.79,L,-6.1,-4.5,-3.9,-3.8,-3.5,-1.3,-0.009,0.015,2019,Minnesota,,,,,,,,,,,,,,,,,,,,,,,,,,,,,,,,,,,,,,,,,,,,,,,,,,,
2022,2022-03-17,San Francisco,Murray State,-0.210,4.25,L,1.4,5.6,3.7,3.5,2.6,-0.2,0.002,-0.004,2019,Mississippi,,,,,,,,,,,,,,,,,,,,,,,,,,,,,,,,,,,,,,,,,,,,,,,,,,,
2022,2022-03-18,Seton Hall,Texas Christian,0.052,-0.97,L,2.5,4.7,-0.6,0.8,1.8,1.2,-0.002,0.019,2019,Mississippi State,,,,,,,,,,,,,,,,,,,,,,,,,,,,,,,,,,,,,,,,,,,,,,,,,,,
2022,2022-03-17,South Dakota State,Providence,0.049,-6.48,L,10.7,4.1,5.5,3.7,2.9,-0.4,0.063,0.077,2019,Montana,,,,,,,,,,,,,,,,,,,,,,,,,,,,,,,,,,,,,,,,,,,,,,,,,,,
2022,2022-03-18,Southern California,Miami (FL),0.091,1.28,L,-3.0,0.1,-2.7,-2.3,-1.7,0.7,-0.046,0.002,2019,Murray State,,,,,,,,,,,,,,,,,,,,,,,,,,,,,,,,,,,,,,,,,,,,,,,,,,,
2022,2022-03-17,Tennessee,Longwood,-0.025,20.81,W,-2.6,1.8,0.9,0.3,-1.2,-0.9,-0.026,-0.013,2019,Nevada,,,,,,,,,,,,,,,,,,,,,,,,,,,,,,,,,,,,,,,,,,,,,,,,,,,
2022,2022-03-19,Tennessee,Michigan,0.239,6.20,L,-2.8,0.0,-0.5,-1.3,-2.7,-3.3,-0.021,0.005,2019,New Mexico State,,,,,,,,,,,,,,,,,,,,,,,,,,,,,,,,,,,,,,,,,,,,,,,,,,,
2022,2022-03-18,Texas,Virginia Tech,-0.001,2.53,W,-2.1,0.4,-0.4,-0.4,-0.9,-1.9,-0.024,-0.033,2019,North Carolina,,,,,,,,,,,,,,,,,,,,,,,,,,,,,,,,,,,,,,,,,,,,,,,,,,,
2022,2022-03-20,Texas,Purdue,-0.138,-2.14,L,-9.2,-1.8,-4.1,-3.0,-3.4,-2.6,-0.031,-0.034,2019,North Dakota State,,,,,,,,,,,,,,,,,,,,,,,,,,,,,,,,,,,,,,,,,,,,,,,,,,,
2022,2022-03-18,Texas Christian,Seton Hall,-0.052,0.97,W,-2.5,0.9,0.3,-0.8,-0.8,-1.2,0.002,-0.019,2019,Northeastern,,,,,,,,,,,,,,,,,,,,,,,,,,,,,,,,,,,,,,,,,,,,,,,,,,,
2022,2022-03-20,Texas Christian,Arizona,-0.287,-9.03,L,-9.3,1.0,-0.7,-1.8,-1.0,-0.4,-0.019,-0.035,2019,Northern Kentucky,,,,,,,,,,,,,,,,,,,,,,,,,,,,,,,,,,,,,,,,,,,,,,,,,,,
2022,2022-03-17,Texas Southern,Kansas,-0.211,-25.58,L,-5.2,2.6,-1.2,-1.1,0.4,-1.1,-0.031,-0.021,2019,Ohio State,,,,,,,,,,,,,,,,,,,,,,,,,,,,,,,,,,,,,,,,,,,,,,,,,,,
2022,2022-03-18,Texas Tech,Montana State,-0.059,20.34,W,-6.6,-1.7,-2.3,-3.6,-4.0,-1.8,-0.031,-0.031,2019,Oklahoma,,,,,,,,,,,,,,,,,,,,,,,,,,,,,,,,,,,,,,,,,,,,,,,,,,,
2022,2022-03-20,Texas Tech,Notre Dame,0.038,8.21,W,-3.5,-1.9,-2.2,-2.3,-3.0,-4.4,-0.015,-0.034,2019,Old Dominion,,,,,,,,,,,,,,,,,,,,,,,,,,,,,,,,,,,,,,,,,,,,,,,,,,,
2022,2022-03-24,Texas Tech,Duke,-0.088,0.53,L,-7.6,-2.3,-3.4,-2.6,-3.5,-4.2,-0.012,-0.025,2019,Oregon,,,,,,,,,,,,,,,,,,,,,,,,,,,,,,,,,,,,,,,,,,,,,,,,,,,
2022,2022-03-17,UCLA,Akron,0.054,18.39,W,3.4,3.8,3.2,1.7,1.5,0.6,-0.013,-0.011,2019,Purdue,,,,,,,,,,,,,,,,,,,,,,,,,,,,,,,,,,,,,,,,,,,,,,,,,,,
2022,2022-03-19,UCLA,Saint Mary's (CA),0.000,4.48,W,4.8,5.5,4.7,2.5,2.1,0.9,-0.005,-0.009,2019,Saint Louis,,,,,,,,,,,,,,,,,,,,,,,,,,,,,,,,,,,,,,,,,,,,,,,,,,,
2022,2022-03-25,UCLA,North Carolina,0.063,3.80,L,-4.6,-1.5,-2.8,-3.2,-3.6,-0.3,-0.007,-0.011,2019,Saint Mary's (CA),,,,,,,,,,,,,,,,,,,,,,,,,,,,,,,,,,,,,,,,,,,,,,,,,,,
2022,2022-03-17,Vermont,Arkansas,0.091,-8.46,L,-4.3,-3.7,-2.5,-4.6,-4.3,3.2,0.023,0.041,2019,Seton Hall,,,,,,,,,,,,,,,,,,,,,,,,,,,,,,,,,,,,,,,,,,,,,,,,,,,
2022,2022-03-18,Villanova,Delaware,0.141,18.99,W,-4.6,-3.1,-3.6,-4.0,-4.0,1.8,-0.019,-0.017,2019,Syracuse,,,,,,,,,,,,,,,,,,,,,,,,,,,,,,,,,,,,,,,,,,,,,,,,,,,
2022,2022-03-20,Villanova,Ohio State,0.155,5.14,W,-3.1,-1.1,-2.3,-2.6,-2.7,-0.2,-0.013,-0.018,2019,Tennessee,,,,,,,,,,,,,,,,,,,,,,,,,,,,,,,,,,,,,,,,,,,,,,,,,,,
2022,2022-03-24,Villanova,Michigan,0.239,5.05,W,-3.8,-1.1,-3.0,-3.1,-3.9,-0.1,-0.008,0.002,2019,Texas Tech,,,,,,,,,,,,,,,,,,,,,,,,,,,,,,,,,,,,,,,,,,,,,,,,,,,
2022,2022-03-26,Villanova,Houston,-0.065,-3.24,W,0.4,3.4,2.5,2.0,1.9,1.8,0.017,0.021,2019,Utah State,,,,,,,,,,,,,,,,,,,,,,,,,,,,,,,,,,,,,,,,,,,,,,,,,,,
2022,2022-04-02,Villanova,Kansas,-0.036,-2.97,L,-5.6,-1.5,-2.2,-2.6,-2.8,1.6,0.002,0.004,2019,Vermont,,,,,,,,,,,,,,,,,,,,,,,,,,,,,,,,,,,,,,,,,,,,,,,,,,,
2022,2022-03-18,Virginia Tech,Texas,0.001,-2.53,L,2.1,1.0,3.7,0.8,1.1,1.9,0.024,0.033,2019,Villanova,,,,,,,,,,,,,,,,,,,,,,,,,,,,,,,,,,,,,,,,,,,,,,,,,,,
2022,2022-03-18,Wisconsin,Colgate,0.098,12.15,W,-3.4,0.2,-1.8,-1.1,-0.5,1.1,-0.026,-0.054,2019,Virginia,,,,,,,,,,,,,,,,,,,,,,,,,,,,,,,,,,,,,,,,,,,,,,,,,,,
2022,2022-03-20,Wisconsin,Iowa State,0.149,0.75,L,3.9,2.6,1.5,0.8,1.2,5.2,-0.002,0.014,2019,Virginia Commonwealth,,,,,,,,,,,,,,,,,,,,,,,,,,,,,,,,,,,,,,,,,,,,,,,,,,,
2022,2022-03-18,Wright State,Arizona,-0.283,-24.69,L,-2.3,2.4,3.0,1.4,1.9,0.5,0.016,-0.007,2019,Virginia Tech,,,,,,,,,,,,,,,,,,,,,,,,,,,,,,,,,,,,,,,,,,,,,,,,,,,
2022,2022-03-18,Yale,Purdue,-0.161,-19.25,L,-3.5,3.8,-0.5,0.5,0.7,-2.4,-0.028,-0.042,2019,Washington,,,,,,,,,,,,,,,,,,,,,,,,,,,,,,,,,,,,,,,,,,,,,,,,,,,
